sym,entry_day,exit_day,ret,r,rr,setup
ADANIENT,2017-05-26,2017-06-15,0.12748058616487762,1.666437392946139,5.449433869667319,A pullback
ADANIENT,2021-07-23,2021-08-12,0.004390765046940754,0.05618113179420994,3.064894847576803,A pullback
ADANIENT,2021-08-25,2021-09-15,0.045467789973847504,0.6743753395467809,3.0904942965779476,A pullback
ADANIENT,2022-02-24,2022-02-24,-0.012539262943448964,-1.4779048551626675,2.9031215726971427,A pullback
ADANIENT,2022-10-19,2022-11-07,0.17208597903509806,2.713027806441398,3.1220834184099626,A pullback
ADANIENT,2022-12-28,2023-01-10,-0.04961912080495667,-1.0912850565901413,2.2986431525342614,A pullback
ADANIENT,2023-01-16,2023-01-18,-0.05509755590241902,-1.077585495890648,2.4690354948067244,A pullback
ADANIPORTS,2021-07-12,2021-07-16,-0.058394193288606476,-1.0731285483895776,5.106787904419533,A pullback
ADANIPORTS,2021-10-11,2021-10-14,0.06522500328812297,1.8100563825531433,2.049783635714011,A pullback
ADANIPORTS,2023-11-06,2023-11-24,-0.011945139130202845,-0.18614954900269548,2.0893285490553697,A pullback
ADANIPORTS,2024-08-19,2024-09-06,-0.04464208511599197,-1.0995271461451799,2.4224761647170134,A pullback
ADANIPORTS,2024-09-11,2024-09-19,-0.03859962251893463,-1.1163353875929485,3.1483899688381007,A pullback
APOLLOHOSP,2021-03-31,2021-04-23,0.11159426777612455,2.3019575102732612,2.1843193591920285,A pullback
APOLLOHOSP,2021-10-05,2021-10-12,-0.056740442721543195,-1.07742639671573,3.005368794912036,A pullback
APOLLOHOSP,2021-12-22,2022-01-11,0.027739924798922483,0.44541472532483717,4.337907412286621,A pullback
APOLLOHOSP,2022-10-19,2022-11-10,-0.026226967014574023,-0.6163307443495447,2.0692651115077223,A pullback
APOLLOHOSP,2024-03-12,2024-04-03,0.016764122599924304,0.3070786944140519,2.2106044888721272,A pullback
APOLLOHOSP,2024-04-23,2024-04-29,-0.040985367382181954,-1.1155022807432724,2.8420451960717728,A pullback
APOLLOHOSP,2025-06-06,2025-06-26,0.029370021509703793,1.5750844280595486,2.7411803934644907,A pullback
ASIANPAINT,2018-09-17,2018-09-21,-0.04735438053196509,-1.092304426023351,2.5662231320368445,A pullback
ASIANPAINT,2020-02-04,2020-02-25,-0.02792781657336814,-0.39095591547870034,2.0,A pullback
ASIANPAINT,2021-01-20,2021-01-25,-0.04800721984815038,-1.0909846226354623,2.1395247693684474,A pullback
ASIANPAINT,2021-02-10,2021-02-23,-0.07585693014717229,-1.0560738366658176,2.311111111111117,A pullback
ASIANPAINT,2021-03-10,2021-04-01,0.0385153359432137,0.4617005563030322,2.5048624617949455,A pullback
ASIANPAINT,2021-10-06,2021-10-20,-0.03830526511791445,-1.116958545817239,2.424420666568634,A pullback
ASIANPAINT,2022-02-10,2022-02-28,-0.057197288825288226,-1.075181942813281,2.0272368282758557,A pullback
ASIANPAINT,2023-08-28,2023-09-15,-0.02540415096733816,-0.6572219841218374,2.5901143191046225,A pullback
ASIANPAINT,2023-09-25,2023-09-28,-0.03609877356888468,-1.1249715051152902,2.762006511150561,A pullback
ASIANPAINT,2026-01-23,2026-01-27,-0.03071427865628026,-1.1499610791535262,3.9696238181452235,A pullback
AXISBANK,2017-05-22,2017-06-09,0.014532893953026108,0.42402225456733467,2.229293968177146,A pullback
AXISBANK,2020-01-24,2020-02-01,-0.03346060920531142,-1.1359586293563122,2.0809990460497874,A pullback
AXISBANK,2021-04-05,2021-04-07,-0.051355105454524194,-1.083903346549636,2.2038164096462727,A pullback
AXISBANK,2021-04-26,2021-05-17,0.017354665359281166,0.16309035730410856,2.502634481068495,A pullback
AXISBANK,2021-05-19,2021-06-08,0.05538652415174138,1.4167477158565231,2.5044671428205754,A pullback
AXISBANK,2022-10-03,2022-10-19,0.11660444677485532,2.9798137588576035,2.7213911414268557,A pullback
AXISBANK,2023-01-19,2023-01-25,-0.02770774457376811,-1.1696251640630773,2.1039735369788106,A pullback
AXISBANK,2023-08-21,2023-08-30,0.046121875126193715,2.2617567873728373,2.6566968120042476,A pullback
AXISBANK,2025-12-30,2026-01-06,0.053308664649699015,3.1157785121439856,3.6879173145522937,A pullback
BAJAJ-AUTO,2016-10-04,2016-10-07,-0.0402217588863588,-1.111144768063431,2.924674814062449,A pullback
BAJAJ-AUTO,2016-10-27,2016-11-09,-0.03823409251866153,-1.118933625635271,3.13719108352573,A pullback
BAJAJ-AUTO,2017-04-07,2017-04-28,0.015247482716524385,0.6516340412387285,2.269742553403435,A pullback
BAJAJ-AUTO,2018-01-18,2018-01-30,0.05076064338434072,1.923045794733621,2.8293535235876615,A pullback
BAJAJ-AUTO,2021-03-12,2021-03-15,-0.04418719437885292,-1.1025981853187756,3.4449786990208913,A pullback
BAJAJ-AUTO,2021-04-08,2021-04-19,-0.06558568971439618,-1.0642315954352102,3.277645077586655,A pullback
BAJAJ-AUTO,2023-08-18,2023-09-07,0.00986461933225526,0.34675185339987796,2.4345315209054395,A pullback
BAJAJ-AUTO,2025-10-07,2025-10-28,0.02444174620489485,0.6079862283875562,2.040189989039094,A pullback
BAJAJ-AUTO,2025-11-11,2025-12-01,0.026585224109851577,0.9321349870786025,3.578338450585137,A pullback
BAJAJFINSV,2016-12-06,2016-12-13,-0.06434244207877712,-1.065514268827563,2.4301160618351103,A pullback
BAJAJFINSV,2017-06-19,2017-06-27,-0.048805193183604136,-1.0888703507021216,3.4965054007442986,A pullback
BAJAJFINSV,2017-07-13,2017-07-21,0.11572624367293934,1.9949377917770819,2.574240992999214,A pullback
BAJAJFINSV,2017-10-03,2017-10-18,-0.051809021646344766,-1.0830968201294786,3.3162804133702277,A pullback
BAJAJFINSV,2017-11-20,2017-12-08,-0.010662114927469596,-0.16205724639170774,2.1268962819354855,A pullback
BAJAJFINSV,2018-07-04,2018-07-18,0.07002180823834209,2.273046620608459,2.4412800751478407,A pullback
BAJAJFINSV,2018-09-10,2018-09-10,-0.03699220351995776,-1.1212940100170938,2.559943915690657,A pullback
BAJAJFINSV,2022-11-01,2022-11-22,-0.03323834423695064,-0.6867109534956696,2.039823575277265,A pullback
BAJAJFINSV,2022-11-29,2022-12-07,-0.02752493612647168,-1.1706737655625312,4.56448414813552,A pullback
BAJAJFINSV,2023-09-04,2023-09-25,0.032363300267705744,0.638253126160247,2.1478043555872888,A pullback
BAJAJFINSV,2024-11-07,2024-11-13,-0.045092715174938215,-1.096983998157055,3.764030978104985,A pullback
BAJAJFINSV,2025-07-09,2025-07-25,-0.0270275384683626,-1.1780298630119457,2.307464162135441,A pullback
BAJFINANCE,2017-11-17,2017-12-04,-0.056821455907562976,-1.0748808584010674,3.2479912057999787,A pullback
BAJFINANCE,2018-01-05,2018-01-16,-0.041816868823941186,-1.1052940403217077,4.0632781795964235,A pullback
BAJFINANCE,2018-09-10,2018-09-10,-0.03461714687145846,-1.1305590444632794,2.6388983210714967,A pullback
BAJFINANCE,2019-07-17,2019-07-19,-0.042616759119462874,-1.1029744590568997,2.235120260905013,A pullback
BAJFINANCE,2019-12-11,2020-01-01,0.05779691847100232,1.613594836041324,2.3073873620580576,A pullback
BAJFINANCE,2020-10-15,2020-10-16,-0.05478124493807212,-1.077874826320038,2.1743214494928225,A pullback
BAJFINANCE,2021-04-05,2021-04-05,-0.04134936694301627,-1.1064614489304456,2.6504427444129837,A pullback
BAJFINANCE,2021-04-08,2021-04-09,-0.04767094193667868,-1.0912566453497992,3.7668342797302614,A pullback
BAJFINANCE,2022-11-01,2022-11-16,-0.0470441583139313,-1.0926926156619685,2.4956342008689507,A pullback
BAJFINANCE,2023-11-07,2023-11-15,-0.047444772163924405,-1.0914969867654007,2.5089191726649345,A pullback
BAJFINANCE,2024-10-10,2024-10-15,-0.03293992203081387,-1.1391166179640355,2.770495676416399,A pullback
BAJFINANCE,2025-11-18,2025-11-24,-0.03477779444890525,-1.1301384717009917,2.0694166463265833,A pullback
BAJFINANCE,2025-11-27,2025-12-17,-0.02025482817265418,-0.49963265943378177,2.5606694560669347,A pullback
BEL,2016-08-25,2016-09-12,-0.030529687259416682,-1.2002309381539467,2.721280953267528,A pullback
BEL,2017-06-19,2017-06-23,-0.04587867738437128,-1.094799180688046,2.9375567436699384,A pullback
BEL,2018-01-08,2018-01-11,-0.03092937465949811,-1.1483019130986731,3.0560471976401065,A pullback
BEL,2019-11-18,2019-11-25,-0.04690713109430003,-1.092491224944421,2.215034965034964,A pullback
BEL,2021-04-16,2021-05-07,0.07051530543376512,1.001052570754075,2.8671271840715207,A pullback
BEL,2022-10-03,2022-10-24,0.028365736134602852,0.4655668377221451,2.4276944497183695,A pullback
BEL,2022-12-15,2022-12-15,-0.022592606960902414,-1.2158693289100744,3.938983050847449,A pullback
BEL,2023-10-30,2023-11-17,0.08950401967255611,1.6255619379543997,2.4920375055811967,A pullback
BEL,2025-07-23,2025-07-28,-0.039813783630984895,-1.1112573444068403,2.369493923220375,A pullback
BEL,2025-08-05,2025-08-20,-0.04542648598065128,-1.0962190080510636,2.987138263665592,A pullback
BEL,2025-09-01,2025-09-19,0.10036995510186911,3.440688919897628,6.607494020728158,A pullback
BHARTIARTL,2017-03-30,2017-04-21,-0.010471182726769281,-0.16722179343136842,2.615397395309337,A pullback
BHARTIARTL,2017-04-26,2017-05-17,0.057390567209322126,0.8624584608549387,2.008339888519541,A pullback
BHARTIARTL,2019-07-24,2019-07-26,-0.03570790641510478,-1.1261112165395422,2.6587070267233375,A pullback
BHARTIARTL,2020-08-06,2020-08-13,-0.05368035427308061,-1.3307283278073871,2.696305885616534,A pullback
BHARTIARTL,2021-02-26,2021-02-26,-0.02919684792160045,-1.1588039492996247,2.323257248611959,A pullback
BHARTIARTL,2021-03-04,2021-03-09,-0.04716421272520059,-1.0922302605799135,2.6096084572249074,A pullback
BHARTIARTL,2021-12-09,2021-12-15,-0.04465205364919614,-1.0983915184069122,2.4510917747496355,A pullback
BHARTIARTL,2021-12-29,2022-01-18,0.04587263543967993,0.8045348312829423,2.635339823786517,A pullback
BHARTIARTL,2022-02-16,2022-02-24,-0.05648119249333705,-1.0758183476534178,2.227759216263664,A pullback
BHARTIARTL,2024-11-07,2024-11-11,-0.028786906956644924,-1.1639684877774126,4.331173011717236,A pullback
BHARTIARTL,2024-11-25,2024-12-13,0.058254193694847446,1.1448177203157692,3.119333802611138,A pullback
BHARTIARTL,2025-08-14,2025-09-05,0.007328564799548498,0.3727732633166322,5.875668999588313,A pullback
BHARTIARTL,2025-10-06,2025-10-23,0.07904802307667128,2.841627020829763,2.5754527162977805,A pullback
CIPLA,2017-11-20,2017-12-08,-0.008578933331255511,-0.24712717996004885,2.308258811152033,A pullback
CIPLA,2020-09-10,2020-09-18,0.11232259539591058,2.6833511932356284,3.0228457909113478,A pullback
CIPLA,2020-12-01,2020-12-21,0.029180608929434176,0.6890193207694246,3.4511483642271603,A pullback
CIPLA,2022-12-15,2022-12-29,-0.029663045271999748,-1.1579441670981785,2.461855420226625,A pullback
CIPLA,2023-10-03,2023-10-09,-0.030881387552247255,-1.1492899462577113,2.743851966569652,A pullback
CIPLA,2023-10-12,2023-10-26,-0.037220097083314745,-1.1206544205838267,3.3579715886581107,A pullback
CIPLA,2023-10-30,2023-11-17,0.04871523389160814,0.9417633646205302,2.109540250772304,A pullback
CIPLA,2025-07-29,2025-08-19,-0.013787334799859633,-0.18567061569986715,2.0,A pullback
COALINDIA,2016-09-20,2016-09-30,-0.030757527464989994,-1.1493741623565472,2.6555689409703196,A pullback
COALINDIA,2021-07-05,2021-07-20,-0.04089846536983785,-1.1078887608608068,3.4350362382888457,A pullback
COALINDIA,2021-08-13,2021-08-17,-0.03946133167918929,-1.112350109203862,4.645992750704797,A pullback
COALINDIA,2021-11-02,2021-11-15,-0.061109659468513794,-1.0691893033930178,3.6584305198655915,A pullback
COALINDIA,2022-12-06,2022-12-16,-0.03952344197511009,-1.1120847781704812,4.346692419121194,A pullback
COALINDIA,2023-06-08,2023-06-20,-0.029917692244623952,-1.1544098733872568,3.3116726835138457,A pullback
COALINDIA,2023-06-22,2023-06-23,-0.020148046154962115,-1.2487615658151316,5.360236220472481,A pullback
COALINDIA,2023-07-03,2023-07-21,-0.015299259904244357,-0.39284437157214364,2.00742390497402,A pullback
COALINDIA,2023-07-25,2023-08-14,0.002328229956026211,0.09494783635485124,3.9957903599242544,A pullback
COALINDIA,2026-02-17,2026-03-10,0.0457280303834502,1.01476112560768,2.0438338240104694,A pullback
DRREDDY,2020-11-05,2020-11-10,-0.04176152272630889,-1.1054623524464096,3.882916982084268,A pullback
DRREDDY,2020-11-12,2020-12-03,0.005253918595737106,0.11156571538929717,2.685621489231424,A pullback
DRREDDY,2022-11-24,2022-12-14,0.012725749436460031,0.40579454601061765,2.08348812808456,A pullback
DRREDDY,2023-10-10,2023-10-26,-0.02519897652478482,-1.1897852072691213,3.9747558054475753,A pullback
DRREDDY,2024-04-01,2024-04-15,-0.040110240299032394,-1.1103671144941452,2.112073870563959,A pullback
DRREDDY,2024-10-15,2024-10-25,-0.029222336421799017,-1.159629312894777,3.166373984561535,A pullback
DRREDDY,2025-07-04,2025-07-10,-0.03959959727448637,-1.1117850505752302,2.5881737857478972,A pullback
DRREDDY,2025-07-18,2025-07-23,-0.027768952899129628,-1.1702257427088356,4.232579244182285,A pullback
DRREDDY,2025-07-25,2025-08-01,-0.036423760846928326,-1.1242331005444726,2.857168386722068,A pullback
EICHERMOT,2017-06-30,2017-07-20,0.07460711325408313,2.3472028663908175,2.487675542810312,A pullback
EICHERMOT,2017-11-24,2017-12-01,-0.04186824895287931,-1.1083652406232778,2.5004371393600255,A pullback
EICHERMOT,2018-06-07,2018-06-27,-0.045948062260254656,-1.0982772517418395,2.101917078125496,A pullback
EICHERMOT,2019-12-11,2020-01-01,0.03373902637878212,0.9322239865627293,2.8804387637230984,A pullback
EICHERMOT,2020-09-28,2020-10-19,0.02493374357494053,0.415060209901369,2.453288293043387,A pullback
EICHERMOT,2020-10-29,2020-11-02,-0.03476559808339984,-1.1298533793827048,3.6236772910921466,A pullback
EICHERMOT,2020-12-16,2020-12-21,-0.05473131874768905,-1.0804806119756754,2.4966668732349535,A pullback
EICHERMOT,2021-04-09,2021-04-12,-0.03992640804773035,-1.1135486837680917,5.184887613582021,A pullback
EICHERMOT,2022-10-14,2022-10-31,0.07183400648836266,1.26030312277913,2.4839200881360286,A pullback
EICHERMOT,2022-11-28,2022-12-06,-0.03069948406650059,-1.1551674705257315,5.307054603427674,A pullback
EICHERMOT,2024-01-12,2024-01-16,-0.03533152899648839,-1.1320289680790196,2.6299649885307192,A pullback
EICHERMOT,2025-06-09,2025-06-13,-0.03851480815332058,-1.1198615018768912,3.2818753573470474,A pullback
EICHERMOT,2025-06-17,2025-07-07,0.051141362960952126,1.480159011381608,3.2304250559284116,A pullback
EICHERMOT,2025-07-30,2025-08-18,0.06331264950630938,2.53372533831156,2.1773997569866324,A pullback
EICHERMOT,2025-11-21,2025-12-11,0.013645807876226155,0.19592444524465338,2.0,A pullback
ETERNAL,2024-11-04,2024-11-26,0.14795734814826023,6.483864352695467,4.285874091106824,A pullback
ETERNAL,2025-10-28,2025-10-31,-0.037337594983060045,-1.1195141812503244,2.9190729768244283,A pullback
GRASIM,2016-08-31,2016-09-22,0.04141841554898484,0.6813868408416218,2.6295375940327066,A pullback
GRASIM,2017-11-23,2017-12-01,-0.04555630952214552,-1.0956367340674091,2.1862327263334533,A pullback
GRASIM,2018-01-05,2018-01-25,0.009243062246371465,0.17928402630516943,2.4106206438765403,A pullback
GRASIM,2021-08-20,2021-08-23,-0.03156742164659946,-1.1451587423345695,2.187273167190897,A pullback
GRASIM,2021-08-31,2021-09-15,0.08547163665423135,2.069603365134852,2.8758930174115873,A pullback
GRASIM,2021-12-09,2021-12-20,-0.06288795207018892,-1.067399437853098,2.0151061707282345,A pullback
GRASIM,2022-02-16,2022-02-24,-0.06854782468418852,-1.061542373087836,2.026900759805144,A pullback
GRASIM,2022-10-14,2022-11-04,0.03418029542211575,0.7027015690312747,2.1765065987101533,A pullback
GRASIM,2023-08-29,2023-09-12,0.04580527800609088,2.346385940384691,2.4868762924863343,A pullback
GRASIM,2023-10-31,2023-11-20,0.044244780295629185,1.2940137106653864,2.3030111572205993,A pullback
GRASIM,2024-08-19,2024-09-06,0.02319568400192521,0.45957556870512734,2.4824654622741855,A pullback
GRASIM,2026-01-23,2026-02-12,0.052353844958715826,1.483163462486963,2.0022558087074223,A pullback
HCLTECH,2017-08-18,2017-08-30,-0.036259727125785055,-1.1239289506280046,2.232395655787353,A pullback
HCLTECH,2017-09-01,2017-09-21,0.003188022055824781,0.09675168916917358,2.1051874235556585,A pullback
HCLTECH,2021-02-26,2021-03-19,0.05302117797092474,5.741137984458009,4.717610005198309,A pullback
HCLTECH,2021-11-15,2021-11-18,-0.03800454918966852,-1.1181339746266596,5.053001515584176,A pullback
HCLTECH,2022-12-22,2023-01-11,0.003817487945747412,0.09778605530490463,3.1743454017524595,A pullback
HCLTECH,2026-01-02,2026-01-05,-0.021468332995997805,-1.2315293065518653,2.017033356990767,A pullback
HDFCBANK,2017-11-17,2017-12-07,-0.014921280383026219,-0.5900736803843958,2.9437482636096597,A pullback
HDFCBANK,2018-02-26,2018-03-07,-0.03341113126101781,-1.136111899598901,2.8508720776122405,A pullback
HDFCBANK,2018-08-09,2018-08-09,-0.02491461588605688,-1.1915259016709623,2.191188166056936,A pullback
HDFCBANK,2018-08-21,2018-08-31,-0.023064869669289462,-1.2105503494315313,3.3272542281776754,A pullback
HDFCBANK,2020-01-30,2020-02-01,-0.030459401822755285,-1.1515007470742682,2.391709590385086,A pullback
HDFCBANK,2021-03-24,2021-03-25,-0.031554853705680494,-1.1451906243460088,2.834902879818271,A pullback
HDFCBANK,2021-11-09,2021-11-10,-0.03159976821462049,-1.1455444535594237,2.548760909542019,A pullback
HDFCBANK,2023-08-02,2023-08-03,-0.010004633868463021,-1.678877932732867,3.2567046065165317,A pullback
HDFCBANK,2023-08-07,2023-08-11,-0.03189329405583387,-1.1431937786277473,3.0290950932851066,A pullback
HDFCBANK,2024-07-23,2024-07-24,-0.03881716243052277,-1.1147797402890536,2.9312115912374503,A pullback
HDFCBANK,2024-08-09,2024-08-30,-0.013652198595626514,-0.33021936193791107,2.5945455993042654,A pullback
HDFCBANK,2024-10-11,2024-10-31,0.03811136444232893,1.0509442334496328,2.1808124717073527,A pullback
HDFCLIFE,2018-03-14,2018-03-20,-0.05462898992543323,-1.078461035231025,2.356781091727634,A pullback
HDFCLIFE,2018-05-29,2018-06-05,-0.05580315693166172,-1.076308664569588,2.2677702390678816,A pullback
HDFCLIFE,2018-06-12,2018-06-26,-0.06659705196314855,-1.063033769937977,2.2094780436913144,A pullback
HDFCLIFE,2019-11-22,2019-12-12,-0.019535842140344015,-0.36958880390743654,2.0052003383352655,A pullback
HDFCLIFE,2019-12-16,2020-01-06,0.04801166954293707,1.0690396643653686,2.1623799610503047,A pullback
HDFCLIFE,2020-08-19,2020-08-31,-0.03432542304230509,-1.1324703182260216,3.220797147293957,A pullback
HDFCLIFE,2020-09-29,2020-09-30,-0.044404617057466005,-1.0983470820028258,3.713757802746555,A pullback
HDFCLIFE,2020-10-15,2020-11-04,0.03240949389579403,0.9007539754666832,3.8153010411951236,A pullback
HDFCLIFE,2021-04-22,2021-05-12,-0.009297011951702048,-0.4034157787908538,2.142124634307455,A pullback
HDFCLIFE,2023-08-07,2023-08-14,-0.034058667970440284,-1.1332004767108466,2.984008762322011,A pullback
HDFCLIFE,2023-08-23,2023-09-12,0.031279353186534666,0.812354861954515,2.4832701765701843,A pullback
HDFCLIFE,2023-10-09,2023-10-09,-0.017444322565197734,-1.30161991090126,4.287885561019212,A pullback
HDFCLIFE,2024-09-23,2024-10-14,0.02559064561624646,0.586584446382807,2.148650201033885,A pullback
HDFCLIFE,2025-08-07,2025-08-29,0.028805864943428662,1.1068026012129069,2.7712513151688882,A pullback
HDFCLIFE,2025-10-03,2025-10-08,-0.019158933466435654,-1.2666741459499107,2.7656998983198626,A pullback
HINDALCO,2016-09-21,2016-10-13,0.0611848761730244,1.0561478509336304,2.2665819029455427,A pullback
HINDALCO,2020-01-27,2020-01-27,-0.016249726175179013,-1.3286590364486586,3.7239057239057036,A pullback
HINDALCO,2021-06-28,2021-07-16,0.06541380284274478,1.1294902267733462,2.744680851063838,A pullback
HINDALCO,2021-08-25,2021-09-15,0.12785403126016287,1.9171419951134712,2.1046528072408415,A pullback
HINDALCO,2021-11-02,2021-11-11,-0.07058595153396036,-1.059168717857384,2.459521468371028,A pullback
HINDALCO,2021-11-15,2021-11-17,-0.07102236291224787,-1.076716211671818,3.2016472203157216,A pullback
HINDALCO,2023-02-10,2023-02-24,-0.056185533041867464,-1.0759116838273397,2.580175153065175,A pullback
HINDALCO,2024-01-23,2024-01-23,-0.028808025498906955,-1.1619772416417904,3.5740203972088094,A pullback
HINDALCO,2024-11-04,2024-11-07,-0.044697970230292663,-1.097986844748471,2.7560050568900105,A pullback
HINDALCO,2025-11-26,2025-12-16,0.05469964073134255,1.8299973079297192,3.321864198021382,A pullback
HINDUNILVR,2017-10-05,2017-10-26,0.05758139504275548,1.619777914107118,2.5415438861604285,A pullback
HINDUNILVR,2018-02-27,2018-03-05,-0.02890492230190757,-1.1615385923689283,2.944842480545747,A pullback
HINDUNILVR,2019-01-16,2019-01-17,-0.025875841732579376,-1.186314278037039,2.0916295427901566,A pullback
HINDUNILVR,2019-01-24,2019-02-13,0.013516987327768824,0.5046068820882786,2.1792038343762408,A pullback
HINDUNILVR,2019-06-28,2019-07-09,-0.026604459110062317,-1.1807517048476124,2.488308756777975,A pullback
HINDUNILVR,2020-08-19,2020-08-28,-0.02697254247865147,-1.1772142395683345,2.3429408589714082,A pullback
HINDUNILVR,2021-02-08,2021-02-16,-0.04714762384906104,-1.0921970167269002,2.3608121028063502,A pullback
HINDUNILVR,2021-07-22,2021-07-22,-0.028743308233656735,-1.1627778488601954,2.232651746900646,A pullback
HINDUNILVR,2021-10-13,2021-10-19,-0.03217479040580842,-1.1424097216090154,2.9270547945205343,A pullback
HINDUNILVR,2025-10-03,2025-10-24,-0.012410755468976051,-0.2993457874739927,2.053723969947516,A pullback
ICICIBANK,2016-12-01,2016-12-07,-0.061553167578420866,-1.0686935632419483,2.2605310117341664,A pullback
ICICIBANK,2017-09-15,2017-09-21,-0.026101853699233696,-1.1816488903213251,3.6918189038920097,A pullback
ICICIBANK,2017-12-08,2017-12-18,-0.038679370567701085,-1.1150309485702528,2.925044265197713,A pullback
ICICIBANK,2018-02-16,2018-03-01,-0.06523171144853583,-1.0645029177184016,2.0113421550094563,A pullback
ICICIBANK,2021-03-31,2021-04-12,-0.06336934286073427,-1.099975407937959,2.2559028970571395,A pullback
ICICIBANK,2021-04-15,2021-05-06,0.06982469366195848,0.9932108590275334,3.469879518072281,A pullback
ICICIBANK,2021-11-25,2021-11-26,-0.041443075668436004,-1.1068991842394122,3.2124613938498756,A pullback
ICICIBANK,2021-12-23,2022-01-12,0.1096397963130406,1.7736888640232884,3.426981919332412,A pullback
ICICIBANK,2022-10-03,2022-10-24,0.07262079117646311,2.2604408717102045,2.526455745928142,A pullback
ICICIBANK,2023-08-22,2023-09-11,0.018214849092486222,1.1999717605183848,4.157069515748552,A pullback
ICICIBANK,2023-10-03,2023-10-04,-0.026370779316151994,-1.1800125754804853,2.6875079210848787,A pullback
ICICIBANK,2023-10-06,2023-10-25,-0.030477254662549805,-1.1521398572773252,3.4877914448320197,A pullback
ICICIBANK,2024-10-16,2024-11-05,0.03393232620159709,1.1233471779813935,2.4192289809367926,A pullback
ICICIBANK,2025-07-21,2025-07-25,0.021332265962855892,0.6958023560184025,2.1240579710144907,A pullback
ICICIBANK,2025-08-19,2025-08-28,-0.020991371165260488,-1.240689991154215,2.4179045355515996,A pullback
ICICIBANK,2025-09-15,2025-09-24,-0.03390835269336249,-1.1335540509622133,2.18799848082036,A pullback
INDIGO,2016-06-15,2016-06-24,-0.03364191511721094,-1.1347115225197992,4.568087925793109,A pullback
INDIGO,2021-04-01,2021-04-05,-0.04904470128782954,-1.0886495298573622,2.6321474496356605,A pullback
INDIGO,2021-04-08,2021-04-20,-0.0595190842130031,-1.0721883358849305,2.46446167435469,A pullback
INDIGO,2023-08-23,2023-09-12,-0.0028775940934253758,-0.07018215148476707,3.1905121113066826,A pullback
INDIGO,2024-08-19,2024-08-23,0.076163459686387,1.9991452955155555,2.373580932325074,A pullback
INDIGO,2025-09-04,2025-09-11,-0.04443300422762821,-1.09955239071458,2.576245854934376,A pullback
INDIGO,2025-09-15,2025-09-29,-0.04728492579904381,-1.0930109030242945,2.3353565382550876,A pullback
INDIGO,2025-10-06,2025-10-27,0.02628494189620771,0.7940732554183664,3.155122619805186,A pullback
INFY,2016-05-10,2016-05-30,0.048564433346110346,1.528559549913266,2.0103043324085923,A pullback
INFY,2016-06-30,2016-07-15,-0.03096955471467379,-1.1489646668885618,3.7041169481894674,A pullback
INFY,2018-04-06,2018-04-09,-0.02950727113173777,-1.1571912751250886,2.214212706439299,A pullback
INFY,2019-03-18,2019-04-08,0.05855537169284344,2.182202105869111,3.3476566848491687,A pullback
INFY,2019-05-08,2019-05-14,-0.023846873904377158,-1.2029976906563047,2.7667363483403977,A pullback
INFY,2019-07-03,2019-07-05,-0.025638495800735368,-1.185824525670319,2.2473549799343226,A pullback
INFY,2021-04-29,2021-05-20,-0.02549480974363526,-0.6085350095794718,2.7162553123565893,A pullback
INFY,2021-05-24,2021-06-11,0.0617441102435545,1.6463140324728023,2.55512913213564,A pullback
INFY,2021-10-06,2021-10-19,0.058510280839887026,1.760394958004624,2.0455443645084,A pullback
INFY,2021-12-01,2021-12-21,0.05155142242309503,1.5928987285044618,2.5824432292465227,A pullback
INFY,2023-10-05,2023-10-13,-0.03682851202483418,-1.2643986541696273,2.177598067531387,A pullback
ITC,2017-05-12,2017-05-22,0.0607620343680135,2.086494151932671,2.224938875305636,A pullback
ITC,2018-10-01,2018-10-04,-0.04887789957941714,-1.0885359742913037,2.4497873448485414,A pullback
ITC,2021-03-17,2021-04-08,0.0003936962536984453,0.007172291291402657,4.344469190794351,A pullback
ITC,2021-11-09,2021-11-30,-0.04225249245087954,-0.9619680577804878,3.5671989951552057,A pullback
ITC,2022-11-23,2022-12-13,0.005944325518457662,0.21667098873287816,2.8337510442773413,A pullback
ITC,2022-12-20,2022-12-22,-0.03388742696894392,-1.1335440862002693,2.0015354431459573,A pullback
ITC,2023-01-06,2023-01-27,0.029097213635679266,0.8865861969310065,2.9196536635322783,A pullback
ITC,2023-08-10,2023-08-17,-0.03635150046433823,-1.123390901368721,2.8505177010353986,A pullback
ITC,2023-08-22,2023-08-31,-0.0322131066242,-1.1420952861687048,4.606752258678079,A pullback
ITC,2023-09-07,2023-09-28,-0.022421846214950865,-0.6934210810639262,4.029193059763164,A pullback
ITC,2023-10-09,2023-10-25,-0.025822878038318803,-1.183405968184814,5.418291862811062,A pullback
ITC,2024-02-02,2024-02-06,-0.02717792749811049,-1.1729566362186257,4.812841377772843,A pullback
ITC,2024-10-15,2024-10-18,-0.03026095059392422,-1.152311096810647,2.6723133933297976,A pullback
JIOFIN,2024-05-15,2024-06-04,-0.06458629198871538,-1.0652001308627856,2.140885852599195,A pullback
JIOFIN,2025-09-16,2025-09-25,-0.03580529102964868,-1.1257655991025428,2.458459214501511,A pullback
JSWSTEEL,2017-12-08,2017-12-14,-0.05533754996255065,-1.0771825710086789,2.1074071127376928,A pullback
JSWSTEEL,2020-09-28,2020-10-16,0.10938190879265604,1.841912526930266,2.054018006002,A pullback
JSWSTEEL,2021-07-08,2021-07-29,0.08292183972144791,2.0017181882071733,2.69792942548849,A pullback
JSWSTEEL,2021-08-31,2021-09-20,-0.04849427436698948,-1.089521219537138,3.1392247289044097,A pullback
JSWSTEEL,2023-02-16,2023-02-22,-0.04408501852927497,-1.09910071634855,2.222175275518477,A pullback
JSWSTEEL,2023-08-30,2023-09-12,0.059328378797272784,2.5417914692789547,3.290051063352219,A pullback
JSWSTEEL,2024-01-17,2024-01-18,-0.032203854074765045,-1.1416977958017855,2.503399443407209,A pullback
JSWSTEEL,2024-01-20,2024-01-24,-0.04566905101952789,-1.0957061275688207,2.768500000000002,A pullback
JSWSTEEL,2024-01-29,2024-02-16,-0.0034611763091143854,-0.0705494898789909,2.192721580903931,A pullback
JSWSTEEL,2025-12-15,2025-12-16,-0.037728947853478065,-1.1193483758769787,2.3058961375904956,A pullback
KOTAKBANK,2016-10-17,2016-11-04,0.03262125040349548,1.1878535507148813,2.182110337439756,A pullback
KOTAKBANK,2017-08-24,2017-09-14,0.018427808286001747,0.6957958609449141,2.4752441322597094,A pullback
KOTAKBANK,2017-12-11,2018-01-01,-0.01347744745064616,-0.6513436190108618,5.194209996938853,A pullback
KOTAKBANK,2018-01-15,2018-02-01,0.08709561386544373,2.4745342786234272,2.697909004938539,A pullback
KOTAKBANK,2018-02-19,2018-03-12,0.03459938625092453,0.7647958416752033,2.0889637819994973,A pullback
KOTAKBANK,2018-08-16,2018-08-16,-0.009214010490568289,-1.7780849322736871,4.2817943579466675,A pullback
KOTAKBANK,2019-01-18,2019-02-07,0.04809703789451168,2.1290256000963548,4.690865576386116,A pullback
KOTAKBANK,2019-11-07,2019-11-28,0.0194680646551859,0.6898811279770266,2.9823344890209507,A pullback
KOTAKBANK,2020-01-10,2020-01-20,-0.02957413990895289,-1.1562775525305367,2.112321877619473,A pullback
KOTAKBANK,2021-01-20,2021-01-22,-0.03625815098931982,-1.123701115640605,2.6477633721389315,A pullback
KOTAKBANK,2021-11-25,2021-12-03,-0.05369480681527035,-1.079689715310367,2.6532789457169823,A pullback
KOTAKBANK,2022-12-15,2022-12-16,-0.017194068143481265,-1.3062306613372225,5.79672021976192,A pullback
KOTAKBANK,2024-08-19,2024-09-06,-0.013714304337336898,-0.5436972702612437,2.268385405287314,A pullback
KOTAKBANK,2025-05-09,2025-05-29,-0.0013691397922313293,-0.07859267194233274,2.60078508341511,A pullback
KOTAKBANK,2025-06-09,2025-06-27,0.041202627569241035,1.0112155629155979,4.806731527741259,A pullback
KOTAKBANK,2025-11-18,2025-12-08,0.014993759723745045,0.78713169426473,3.187993019197198,A pullback
LT,2016-08-16,2016-08-25,-0.03302132111583102,-1.1376591893253507,3.028313511020328,A pullback
LT,2016-09-23,2016-09-27,-0.04146372408015513,-1.1073088669106603,2.2707423580786017,A pullback
LT,2017-05-29,2017-06-16,-0.03649084798249588,-0.5547381208654253,2.0,A pullback
LT,2017-08-29,2017-09-12,0.0687709517721897,2.7255691232569905,2.1849618928449424,A pullback
LT,2017-12-18,2018-01-04,0.07297125354527825,3.5091735867119604,2.1732797043156835,A pullback
LT,2018-02-26,2018-03-07,-0.03412094913256913,-1.1345599514370528,4.891553133514985,A pullback
LT,2018-03-12,2018-04-03,0.018762707755908794,0.5048290534194567,4.690730068363707,A pullback
LT,2021-03-30,2021-04-12,-0.04621393126278503,-1.0944774950584828,3.9595446044341163,A pullback
LT,2021-12-06,2021-12-24,0.028863835605726633,0.6791689496062517,2.315109594374848,A pullback
LT,2022-02-11,2022-02-14,-0.03378919786579681,-1.136817132551072,2.637417438128339,A pullback
LT,2022-02-16,2022-02-24,-0.055186672433649386,-1.0790578122132883,2.1268415277999244,A pullback
LT,2023-05-29,2023-06-16,0.058917462414286664,1.9221607888864882,3.261351931961999,A pullback
LT,2023-10-31,2023-11-20,0.05295480314558143,1.766436015437412,2.273560942007152,A pullback
LT,2024-02-07,2024-02-12,-0.04858285002135041,-1.0917541265698991,2.3914712850257334,A pullback
LT,2024-02-19,2024-03-07,0.07631613764777079,1.6022153117846427,2.3917535804421215,A pullback
MARUTI,2017-10-24,2017-11-06,0.043390053029745204,1.662185008502045,2.460751678779984,A pullback
MARUTI,2018-02-22,2018-03-07,-0.02496987077752725,-1.2015028284524227,6.3212995214688075,A pullback
MARUTI,2018-03-09,2018-04-02,0.02351023144264421,0.8039053857818907,5.7150635501071045,A pullback
MARUTI,2018-08-07,2018-08-09,-0.03118647937112017,-1.1509372793407857,2.938187637527517,A pullback
MARUTI,2018-08-17,2018-09-03,-0.03406830847741918,-1.1366831441190683,3.15972843493789,A pullback
MARUTI,2020-09-28,2020-10-19,0.03661885044236591,0.6661458131601576,3.067250682083301,A pullback
MARUTI,2021-07-23,2021-07-28,-0.029902878376335772,-1.1558158799670792,2.1519454905799575,A pullback
MARUTI,2022-11-28,2022-12-06,-0.03548478189178173,-1.1316603720336709,2.7690308194212094,A pullback
MARUTI,2023-08-09,2023-08-10,-0.021374415144834333,-1.2353262996947285,3.029527785224654,A pullback
MARUTI,2023-08-17,2023-08-31,0.06058865841432519,2.754421197760273,2.9757546024942703,A pullback
MARUTI,2024-08-28,2024-09-17,-0.025061188129649564,-0.7103386293237253,2.7347969033461856,A pullback
MARUTI,2024-09-20,2024-10-11,0.028737768234667685,1.138489437114802,4.464099271544659,A pullback
MARUTI,2025-07-23,2025-07-29,-0.025797402379448796,-1.1977901916396465,2.74500742696815,A pullback
MARUTI,2025-11-11,2025-12-01,0.02336354193990778,0.7967661238052384,2.727198733891028,A pullback
MAXHEALTH,2021-10-27,2021-11-17,0.05672520896318696,0.6889539797108074,2.3366197183098616,A pullback
MAXHEALTH,2022-01-13,2022-01-19,-0.05355330706468571,-1.0801940502700076,3.1666580910727986,A pullback
MAXHEALTH,2023-02-17,2023-03-10,0.05913847584094718,1.5582854837255145,2.173450111626311,A pullback
MAXHEALTH,2024-03-21,2024-04-15,0.07322894933207841,0.9073036251275347,3.2384029189867145,A pullback
MAXHEALTH,2024-08-09,2024-08-26,-0.06046823714740281,-1.0704500887550867,2.8430727554179462,A pullback
MAXHEALTH,2024-10-09,2024-10-23,-0.08016602308409566,-1.0519619299982328,2.690329461957808,A pullback
MAXHEALTH,2024-10-28,2024-11-18,0.06112461238396844,1.0110639909308696,3.193916349809884,A pullback
M&M,2016-08-31,2016-09-15,-0.032882358116631,-1.138891143073101,2.084592699925513,A pullback
M&M,2017-07-04,2017-07-24,0.01292727801137758,0.6045995888797482,3.0808393205500297,A pullback
M&M,2018-02-23,2018-03-16,0.020547784862022182,0.5338060385316807,2.9951889578287165,A pullback
M&M,2021-04-05,2021-04-05,-0.047972206030982435,-1.0902578375228804,4.182626680455008,A pullback
M&M,2021-04-08,2021-04-12,-0.05339409025235301,-1.0804008364867883,4.633077474701866,A pullback
M&M,2021-11-08,2021-11-26,0.047635335057807496,0.998373648469397,2.7012783080207066,A pullback
M&M,2021-12-03,2021-12-20,-0.04309878426824365,-1.1019536646766537,3.8701617639207795,A pullback
M&M,2022-11-24,2022-12-14,0.031201244111381962,0.810403728022741,3.184251694767944,A pullback
M&M,2023-10-06,2023-10-27,-0.026617859346938628,-0.7463954765075624,2.7864423384893633,A pullback
M&M,2024-01-19,2024-02-09,0.008585772971764917,0.2630364165407557,3.1531153115311668,A pullback
M&M,2024-09-13,2024-09-25,0.10333936832528291,2.114400773580848,2.2820240675685732,A pullback
M&M,2024-11-04,2024-11-26,0.05957311561418094,1.0225731794175088,2.3048632806537297,A pullback
M&M,2024-12-27,2025-01-15,0.03395747676355302,0.8610354666209992,2.346903377206399,A pullback
M&M,2025-10-03,2025-10-24,0.04223856907943315,1.6237340436872838,2.8991431241177654,A pullback
NESTLEIND,2016-08-23,2016-08-31,-0.03433243622952923,-1.131664151038013,3.6560689115113525,A pullback
NESTLEIND,2016-09-12,2016-09-14,-0.023716737647030247,-1.2039214175492334,6.245835815869286,A pullback
NESTLEIND,2019-11-21,2019-12-11,-0.016712315447196112,-0.7026583012855442,2.86217374366967,A pullback
NESTLEIND,2019-12-16,2020-01-06,0.006406663728615584,0.28105524974367385,2.347006157232515,A pullback
NESTLEIND,2021-10-13,2021-10-22,-0.03726475081159553,-1.1208397100556633,2.147465023167937,A pullback
NESTLEIND,2021-11-08,2021-11-29,-0.0018585377750293115,-0.06814300838879567,3.833967551387572,A pullback
NESTLEIND,2022-10-17,2022-10-24,0.07978601230651586,2.783563322209385,2.00325523120338,A pullback
NESTLEIND,2023-01-04,2023-01-20,-0.023846165943624365,-1.2027069276381646,4.001728944695377,A pullback
NESTLEIND,2023-08-22,2023-09-11,-0.0003569691388021787,-0.011499129777052943,2.018015346406193,A pullback
NESTLEIND,2024-01-25,2024-02-08,-0.0408065045213284,-1.1093391849552177,3.163476429412125,A pullback
NESTLEIND,2024-02-15,2024-03-05,0.012900107996545009,0.32590994088731556,3.1466435245082525,A pullback
NESTLEIND,2024-04-12,2024-04-18,-0.026133934271871023,-1.1828223737006744,2.6398420438567687,A pullback
NESTLEIND,2025-06-23,2025-07-11,0.008258428724639054,0.26606395280746703,2.5756701276291847,A pullback
NESTLEIND,2025-12-08,2025-12-08,-0.018895807010196723,-1.269837989439734,3.6005167445095823,A pullback
NTPC,2016-09-23,2016-09-27,-0.04305666150596883,-1.1018710095516935,2.214908599992693,A pullback
NTPC,2017-10-03,2017-10-18,0.0616462382608041,2.2331909115386974,2.9168224798333307,A pullback
NTPC,2017-12-15,2018-01-05,-0.007890599643020208,-0.2512054916415754,2.2711648631444854,A pullback
NTPC,2021-04-16,2021-04-22,-0.049933360474786165,-1.0862816247435343,3.261780104712045,A pullback
NTPC,2021-11-25,2021-11-29,-0.06514227013499349,-1.0644343067516198,2.0699547611166325,A pullback
NTPC,2022-11-23,2022-12-13,0.003475361037964603,0.1252536207345523,4.202973802218542,A pullback
NTPC,2023-01-03,2023-01-23,-0.011357849968262517,-0.27073572301258547,2.142272262026611,A pullback
NTPC,2023-01-31,2023-02-03,-0.04329199284005808,-1.1012192837164614,2.3188405797101495,A pullback
NTPC,2024-09-11,2024-09-25,0.07489778964141798,1.8588462403381356,2.27088402270884,A pullback
ONGC,2017-02-15,2017-03-08,-0.019538656560440893,-0.6021915933291464,2.6517647058823637,A pullback
ONGC,2017-11-22,2017-12-12,0.007009984480130501,0.1806272477826766,3.695774647887323,A pullback
ONGC,2018-02-26,2018-03-07,-0.05606542962389318,-1.0759986808734745,2.4801613987895026,A pullback
ONGC,2019-06-20,2019-07-01,-0.03170649865500535,-1.1441741442891444,2.068105515587526,A pullback
ONGC,2021-02-03,2021-02-18,0.15085964761348555,1.8236589364631175,2.489807976366328,A pullback
ONGC,2021-04-05,2021-04-12,-0.033746498210835044,-1.1341755340386799,3.4651082846338976,A pullback
ONGC,2021-07-23,2021-08-12,0.0019332110649762696,0.0480567684712532,2.8271844660194136,A pullback
ONGC,2021-12-03,2021-12-20,-0.04951118909573285,-1.2466472602254417,5.080467024297895,A pullback
ONGC,2022-01-04,2022-01-24,0.1528243049070904,2.124666536846908,2.9138051857042715,A pullback
ONGC,2022-04-04,2022-04-26,-0.004538201518080738,-0.10356718268293945,3.2737901916206633,A pullback
ONGC,2024-09-13,2024-10-04,-0.006055331637514558,-0.12210060848851506,3.9504326756663146,A pullback
ONGC,2025-11-27,2025-11-27,-0.023796359640101687,-1.2029769910151507,2.4042933810375833,A pullback
POWERGRID,2017-03-07,2017-03-28,0.006483588591073441,0.1631919794355311,2.213721641484453,A pullback
POWERGRID,2017-11-17,2017-12-01,-0.033847746233447155,-1.133759092800357,3.2240127937015637,A pullback
POWERGRID,2021-04-15,2021-05-06,0.03142075639149176,0.5800948297580466,2.455401662049856,A pullback
POWERGRID,2021-07-08,2021-07-29,-0.020479914812490993,-1.243783030111737,4.53174658732937,A pullback
POWERGRID,2021-08-31,2021-09-08,-0.03320293755752794,-1.1367907578833922,2.5985098557012085,A pullback
POWERGRID,2021-11-09,2021-11-30,0.08131368158889353,1.4920375109856745,2.2857142857142794,A pullback
POWERGRID,2023-06-05,2023-06-21,0.05416847499408567,1.6806735663685604,2.647726317559053,A pullback
POWERGRID,2023-08-14,2023-09-04,0.0383819149999196,1.3995690018851255,3.744921614081967,A pullback
POWERGRID,2024-08-19,2024-09-06,-0.04690061497720386,-1.0926617507585226,2.2725188895492,A pullback
POWERGRID,2024-09-11,2024-10-01,0.05275776530497261,1.1867924646826995,2.345051698670617,A pullback
POWERGRID,2024-10-11,2024-10-23,-0.04997601463770702,-1.1516285816295628,2.234396497811129,A pullback
RELIANCE,2016-10-30,2016-11-02,-0.023724621437487655,-1.2037361537071782,4.493182144395013,A pullback
RELIANCE,2017-05-11,2017-05-19,-0.043649695972627044,-1.1004685317247147,2.2398166339227275,A pullback
RELIANCE,2017-05-29,2017-06-16,0.0340721215220116,0.9380222534208135,2.700425825756706,A pullback
RELIANCE,2017-10-04,2017-10-12,0.0868442115300398,2.6884265339360045,3.0108692146427933,A pullback
RELIANCE,2018-06-04,2018-06-15,0.07891151266881265,2.3744435031079822,2.896372242003071,A pullback
RELIANCE,2020-01-03,2020-01-06,-0.02719385428489161,-1.1732290083944836,2.215420155934161,A pullback
RELIANCE,2020-11-02,2020-11-02,-0.029573945103542266,-1.1573373794332895,4.016722290532224,A pullback
RELIANCE,2020-11-05,2020-11-25,-0.008214329743679133,-0.11598470710938402,4.750580745074413,A pullback
RELIANCE,2021-07-01,2021-07-09,-0.02770318832136588,-1.169106960192836,3.920378577330422,A pullback
RELIANCE,2021-07-19,2021-07-27,-0.02401399349896714,-1.2013130248734876,3.042263478433782,A pullback
RELIANCE,2021-11-10,2021-11-22,-0.03645935077052801,-1.181983936791762,2.8164681247316206,A pullback
RELIANCE,2021-12-09,2021-12-17,-0.044533096001303785,-1.0981298432523017,4.122319873086321,A pullback
RELIANCE,2023-09-11,2023-09-20,-0.029302133113766272,-1.1590896422559043,3.2012211142667852,A pullback
RELIANCE,2024-03-19,2024-04-10,0.030848788682583023,1.8712672375735904,2.170514965607,A pullback
SBILIFE,2018-05-11,2018-05-15,-0.0412729964014622,-1.1068299850309986,2.104496047430831,A pullback
SBILIFE,2019-06-27,2019-07-17,0.07907176570456216,1.3556665621260264,2.0,A pullback
SBILIFE,2020-08-31,2020-08-31,-0.03589485781768682,-1.1250039387290562,3.055495103373231,A pullback
SBILIFE,2020-09-09,2020-09-22,-0.034673358366628465,-1.1310804156706038,2.3567472720293865,A pullback
SBILIFE,2021-04-07,2021-04-29,0.025534731431014483,0.505185022012021,2.065377374636319,A pullback
SBILIFE,2021-11-25,2021-11-26,-0.033616880245309205,-1.1364966855095822,2.7718785808973934,A pullback
SBILIFE,2021-12-27,2022-01-14,0.09579351708772607,2.032878253853788,2.3349199767808226,A pullback
SBILIFE,2022-04-29,2022-05-09,-0.07654761014231103,-1.3597334582808296,2.0590395714246323,A pullback
SBILIFE,2022-11-25,2022-12-15,0.01566104329704823,0.394324852624908,2.4022545876987134,A pullback
SBILIFE,2023-08-09,2023-08-30,-0.05229675195342238,-0.5834248563847256,2.0,A pullback
SBILIFE,2025-10-03,2025-10-06,-0.026291434884128842,-1.1823442532866153,2.8266351099176203,A pullback
SBIN,2016-12-01,2016-12-21,-0.02104024358000863,-0.37677490387687484,2.3244274809160257,A pullback
SBIN,2017-06-19,2017-06-27,-0.026844551927531653,-1.1755275428749037,5.09090909090914,A pullback
SBIN,2018-01-05,2018-01-16,-0.04225720439747409,-1.1040004791298421,4.8152687091913755,A pullback
SBIN,2018-01-18,2018-02-05,-0.08026829829713922,-1.0513567535031452,2.75527355707686,A pullback
SBIN,2018-09-17,2018-09-18,-0.04049792813241194,-1.1093349255646956,2.8463780479135607,A pullback
SBIN,2021-04-05,2021-04-12,-0.07330047880937167,-1.0567842397318696,2.001064795966305,A pullback
SBIN,2021-04-16,2021-05-07,0.03976001235042631,0.570628392918406,3.6204601635291906,A pullback
SBIN,2021-08-25,2021-09-15,0.05454947987622026,1.0864726517871226,2.560161408657369,A pullback
SBIN,2021-12-24,2022-01-13,0.10045122827354991,2.0227827314320646,3.6608738021763845,A pullback
SBIN,2022-04-27,2022-05-02,-0.029723011568323292,-1.1562995733447212,2.3994090125584844,A pullback
SBIN,2022-10-06,2022-10-27,0.07743027458735682,1.849047307090198,2.259934796017256,A pullback
SBIN,2023-01-16,2023-01-17,-0.030163693398729163,-1.1535412483388043,2.3374672241513594,A pullback
SBIN,2023-01-23,2023-01-25,-0.02929751701109234,-1.1580884589245488,4.356592376588164,A pullback
SBIN,2024-03-21,2024-04-15,0.01626674262509615,0.45112084355145265,2.7621801234194856,A pullback
SBIN,2024-08-12,2024-09-02,-0.0026714751246913813,-0.07153670747421424,2.57954724512842,A pullback
SBIN,2025-06-23,2025-07-11,0.01895441660069624,1.3004261681410396,2.2753885074087563,A pullback
SHRIRAMFIN,2016-07-26,2016-08-16,0.07093228121254103,1.5766324469763064,2.077687813877215,A pullback
SHRIRAMFIN,2018-02-26,2018-03-19,0.04785082839105735,0.6859812212396835,2.7358826493477406,A pullback
SHRIRAMFIN,2021-03-12,2021-03-15,-0.0794813729224495,-1.0520040950016176,2.917365667303385,A pullback
SHRIRAMFIN,2021-05-07,2021-05-28,0.10158369230144448,2.2687046078165305,4.083437984180067,A pullback
SHRIRAMFIN,2021-07-06,2021-07-27,-0.01164484852061011,-0.29011833266981635,2.8880093131548272,A pullback
SHRIRAMFIN,2022-09-01,2022-09-16,-0.043593969148611335,-1.100559596262361,2.365614351984892,A pullback
SHRIRAMFIN,2024-05-18,2024-06-04,-0.06203995689928213,-1.0683214286475378,2.2184506642875457,A pullback
SHRIRAMFIN,2024-11-07,2024-11-08,-0.06589819489384845,-1.0640614995893354,2.4578052011105487,A pullback
SUNPHARMA,2021-06-28,2021-07-16,0.0155289817976817,0.4070296400188659,2.183218707015132,A pullback
SUNPHARMA,2022-12-15,2023-01-04,-0.0014914109456831636,-0.048380794211236935,2.382763601348099,A pullback
SUNPHARMA,2023-02-14,2023-02-17,-0.034642758266453307,-1.1308745943470855,2.0327910685805444,A pullback
SUNPHARMA,2023-04-28,2023-05-09,-0.034833768259862063,-1.1300088142074958,3.945862393967946,A pullback
SUNPHARMA,2024-04-23,2024-04-23,-0.046617490731921056,-1.093440052832945,2.2416798410961163,A pullback
SUNPHARMA,2024-04-26,2024-05-17,-0.004313973558834987,-0.10490655983137845,2.3060137725277965,A pullback
SUNPHARMA,2024-10-28,2024-10-30,-0.02718047323305905,-1.17294599200497,2.5282081394823592,A pullback
SUNPHARMA,2024-11-25,2024-12-13,-0.00047316410979958645,-0.009722838748472209,2.1583476362277723,A pullback
SUNPHARMA,2026-01-05,2026-01-14,-0.020198517458982664,-1.249870633604541,4.46171067360241,A pullback
TATACONSUM,2018-02-26,2018-03-19,-0.05171076105466576,-0.909316636462576,4.606490009919252,A pullback
TATACONSUM,2020-09-28,2020-10-09,-0.08264911073295494,-1.049821616709231,2.276073619631902,A pullback
TATACONSUM,2020-10-15,2020-10-21,-0.07293241632031826,-1.057224831429485,3.334538035558149,A pullback
TATACONSUM,2020-10-26,2020-11-13,0.07592569650529746,1.8026689733762895,6.7292622661489565,A pullback
TATACONSUM,2021-10-07,2021-10-22,-0.04836997098853049,-1.0895420471215973,2.3511056511056534,A pullback
TATACONSUM,2024-04-03,2024-04-25,-0.024639739166366297,-0.5110222373397327,2.455655935869689,A pullback
TATACONSUM,2025-06-03,2025-06-12,-0.026270978706135307,-1.182008307414413,2.1013986013985884,A pullback
TATACONSUM,2025-06-17,2025-06-18,-0.024178926875147104,-1.2004647911105135,4.553341148886221,A pullback
TATACONSUM,2025-06-20,2025-07-10,-0.004011345429082562,-0.12635892517755806,2.7056542472357594,A pullback
TATASTEEL,2016-05-26,2016-06-15,0.02716456162142724,0.7786138588248581,2.5155725922376604,A pullback
TATASTEEL,2016-09-21,2016-10-10,0.11715097132830868,3.254118250766654,3.233347415856936,A pullback
TATASTEEL,2017-11-17,2017-12-06,-0.0460945379458734,-1.0943042832680079,2.2881296231067267,A pullback
TATASTEEL,2021-09-24,2021-10-14,0.03705710522914437,0.4947604376931611,2.22216501480242,A pullback
TATASTEEL,2021-10-27,2021-11-15,-0.07189142116280665,-1.0579167806151315,2.1514175257731942,A pullback
TATASTEEL,2022-04-29,2022-05-10,-0.05761699412788529,-1.0737180756471907,2.0810587262200135,A pullback
TATASTEEL,2023-02-20,2023-02-27,-0.04738363355680796,-1.0914189529357643,2.5212030637025973,A pullback
TATASTEEL,2023-08-22,2023-09-01,0.05854454593433805,2.2353047330983036,2.6210458360232334,A pullback
TATASTEEL,2023-10-11,2023-10-23,-0.03660129578654078,-1.1223812768849237,2.89166888474847,A pullback
TATASTEEL,2025-06-17,2025-07-07,0.06037950693253126,1.9242347763921597,2.222888834629756,A pullback
TATASTEEL,2025-11-20,2025-11-21,-0.030429446086365046,-1.1512033163404825,3.77772318577115,A pullback
TATASTEEL,2025-11-27,2025-12-08,-0.041675080181954274,-1.1057182245410537,3.09914759982057,A pullback
TCS,2017-03-30,2017-04-05,-0.02429938286397643,-1.1990249259991785,2.9620219349668275,A pullback
TCS,2017-04-10,2017-04-12,-0.024229727188421493,-1.200142407866677,3.509712201696642,A pullback
TCS,2017-09-06,2017-09-26,-0.0019260427321782074,-0.10679780991862838,2.0244847060516213,A pullback
TCS,2018-04-03,2018-04-20,0.13440322850264672,3.078824803274838,2.449688881098746,A pullback
TCS,2019-05-29,2019-06-13,0.08498157668922157,2.84255812918693,3.5111882778652115,A pullback
TCS,2021-05-06,2021-05-27,0.019272839852596146,0.5032842033718418,2.39889366424035,A pullback
TCS,2021-07-15,2021-07-20,-0.024800555119535796,-1.1949525692059735,3.5281744073248285,A pullback
TCS,2021-07-23,2021-07-28,-0.031131428608205336,-1.1489287376531143,2.530426100997156,A pullback
TCS,2022-02-01,2022-02-21,-0.018085640172098513,-0.40315923367179923,2.2917903528140413,A pullback
TCS,2023-10-23,2023-10-23,-0.016836114376678174,-1.3240302538406088,2.878938640132671,A pullback
TCS,2024-09-27,2024-10-08,-0.03413766636302239,-1.139938437775782,3.5087059216989567,A pullback
TECHM,2017-03-24,2017-03-27,-0.036341697885955024,-1.123343346052023,2.130697166503831,A pullback
TECHM,2018-12-31,2019-01-04,-0.05746150805781108,-1.0743008082501,2.072522784564665,A pullback
TECHM,2021-10-05,2021-10-19,0.10137303009052051,3.112285092555366,3.312779533663301,A pullback
TECHM,2024-01-12,2024-01-15,0.05165445533254567,1.1387025284280339,2.4053401797175784,A pullback
TECHM,2024-03-11,2024-03-22,-0.0386866346013735,-1.115259487540238,2.9037204879726373,A pullback
TECHM,2026-02-11,2026-02-12,-0.04627932522036309,-1.0940710485832095,3.553669919389058,A pullback
TITAN,2016-06-08,2016-06-24,0.07074593019449274,2.057448419582364,2.178027265437041,A pullback
TITAN,2018-02-14,2018-03-07,-0.003523892778662114,-0.041237648840025974,2.0117387503642368,A pullback
TITAN,2018-03-13,2018-03-26,0.11759766461635998,2.345388648990288,3.1539550567582055,A pullback
TITAN,2018-09-03,2018-09-05,-0.038217845455364156,-1.1169082116230549,2.094379490069027,A pullback
TITAN,2021-02-25,2021-03-18,0.0010269744336030178,0.019806596177212962,2.5306263913512996,A pullback
TITAN,2021-05-07,2021-05-28,0.08343742020181735,2.0449335623358094,3.2194992714266633,A pullback
TITAN,2021-12-22,2022-01-07,0.15600855635690958,3.055435919150768,3.974032586558034,A pullback
TITAN,2022-11-23,2022-12-13,-0.019468829939903037,-0.5655269460382222,2.305574121106818,A pullback
TITAN,2023-08-09,2023-08-30,0.04934090208180424,2.60761016109763,5.636208368915427,A pullback
TITAN,2024-03-22,2024-04-16,0.00046268921722463115,0.017017794015748107,2.6736607676946074,A pullback
TITAN,2026-02-01,2026-02-19,0.05908711666301232,1.4033423405188323,2.150016632827465,A pullback
TRENT,2016-10-03,2016-10-24,-0.05551559075810227,-1.0768286703408472,3.3285912844411834,A pullback
TRENT,2016-11-02,2016-11-09,-0.1069973840849176,-1.638907050910894,3.007210626185962,A pullback
TRENT,2017-05-29,2017-05-29,-0.03978560530225203,-1.1113036382791304,2.688476322891967,A pullback
TRENT,2017-10-31,2017-11-20,0.02388368363857633,0.4311187320356524,2.414190554599217,A pullback
TRENT,2019-02-14,2019-02-15,-0.026466336167340256,-1.178296304452327,4.388172043010731,A pullback
TRENT,2019-11-25,2019-12-13,-0.007199880104726009,-0.12360398557239821,2.50549754512137,A pullback
TRENT,2020-08-10,2020-08-28,0.10988446476200542,1.3163920874062112,2.9362310551901643,A pullback
TRENT,2020-12-08,2020-12-21,-0.06426949524210096,-1.0654184159128866,3.3629964414660054,A pullback
TRENT,2021-01-11,2021-01-15,-0.08734477462275923,-1.047090224164724,2.2306491501938175,A pullback
TRENT,2021-11-03,2021-11-25,-0.00853926977857515,-0.07711095743548328,2.798637185370597,A pullback
TRENT,2021-12-09,2021-12-20,-0.07262794918361275,-1.057599895241646,2.717596322449174,A pullback
TRENT,2022-11-23,2022-12-13,0.020442727329758763,0.47115727568320614,2.6083400458516586,A pullback
ULTRACEMCO,2016-05-10,2016-05-30,0.011245997625223946,0.29336634692527563,2.3368860089045445,A pullback
ULTRACEMCO,2017-06-19,2017-06-27,-0.04590192769507871,-1.0959371357399224,2.5356613462873048,A pullback
ULTRACEMCO,2017-11-23,2017-12-04,-0.03522358673719644,-1.128206226181293,2.222954171162484,A pullback
ULTRACEMCO,2017-12-11,2018-01-01,0.011384837553081737,0.24444395378428352,2.0266128735704623,A pullback
ULTRACEMCO,2021-04-27,2021-05-18,0.05455528520347975,0.910485398524794,2.1036795176487324,A pullback
ULTRACEMCO,2021-10-05,2021-10-07,-0.02923286823268259,-1.1788612875772904,2.8132161129927193,A pullback
ULTRACEMCO,2021-10-18,2021-10-19,-0.054422498443525834,-1.0877338358102404,2.832248267937153,A pullback
ULTRACEMCO,2023-10-04,2023-10-04,-0.028416139087726642,-1.1767763275451915,2.135432963162445,A pullback
ULTRACEMCO,2024-03-15,2024-04-08,0.01433711336969674,0.48762549695788704,2.7884466386781726,A pullback
ULTRACEMCO,2025-10-13,2025-10-24,-0.032278758747152865,-1.1532982264338731,2.077468630660123,A pullback
WIPRO,2017-06-29,2017-07-19,0.03797660861218709,1.0137278201781494,3.1878557874762685,A pullback
WIPRO,2017-11-28,2017-11-30,-0.021879537029690227,-1.2242879326428677,2.833317210022252,A pullback
WIPRO,2019-03-18,2019-04-08,-0.008525883381300984,-0.18864877103972028,2.6765889794675894,A pullback
WIPRO,2019-07-03,2019-07-05,-0.025778166673040347,-1.183954251290365,3.191271197581174,A pullback
WIPRO,2021-03-23,2021-04-15,0.0264714389305822,0.5075168326145486,2.8830649078157453,A pullback
WIPRO,2021-10-05,2021-10-14,0.09362117410667106,4.542417421736821,3.3339481504252633,A pullback
WIPRO,2021-11-09,2021-11-11,-0.03926418874237245,-1.1130445814814793,4.436840160986138,A pullback
WIPRO,2021-11-15,2021-11-23,-0.04691954657206904,-1.0926658918334193,2.9959373030664675,A pullback
WIPRO,2021-12-09,2021-12-29,0.09162729865766031,1.38407338366864,2.3264601320467215,A pullback
WIPRO,2024-04-02,2024-04-15,-0.03658256279067096,-1.2342709728805052,3.5692590888173035,A pullback
ADANIENT,2022-12-21,2022-12-21,-0.0655588317837734,-1.0645499039017334,2.0,B breakout
ADANIPORTS,2017-07-25,2017-08-14,0.011031785983373961,0.2144036317160536,2.0,B breakout
ADANIPORTS,2019-01-18,2019-01-28,-0.07004318754887766,-1.059684062628687,2.0,B breakout
ADANIPORTS,2025-10-17,2025-11-10,-0.027853091141728955,-0.41009533010401844,2.0,B breakout
ADANIPORTS,2025-11-13,2025-12-03,-0.015966371400345902,-0.23814010693682924,2.0,B breakout
APOLLOHOSP,2024-07-19,2024-08-08,-0.0021873239409443378,-0.03622151624616487,2.0,B breakout
APOLLOHOSP,2024-09-13,2024-10-04,-0.05234533600826327,-1.0835354433595341,2.0,B breakout
ASIANPAINT,2016-05-13,2016-06-02,0.09769491035680967,1.2365684918487003,2.0,B breakout
ASIANPAINT,2017-03-15,2017-04-05,0.009037099127289476,0.12730260572498994,2.0,B breakout
ASIANPAINT,2017-04-27,2017-05-18,0.03734772363775304,0.536094482228837,2.0,B breakout
ASIANPAINT,2018-05-03,2018-05-23,0.04303717918907889,0.6183648219981326,2.0,B breakout
ASIANPAINT,2019-03-27,2019-04-10,-0.06003391588096977,-1.0705077316378961,2.0,B breakout
ASIANPAINT,2021-06-16,2021-07-06,-0.013382112365851368,-0.24390028440897138,2.0,B breakout
ASIANPAINT,2021-07-22,2021-07-30,-0.06121980612146443,-1.0705147697189454,2.0,B breakout
ASIANPAINT,2021-09-01,2021-09-22,0.022400693119029143,0.26413025054368394,2.0,B breakout
AXISBANK,2017-07-21,2017-08-08,-0.08082408067009368,-1.0511106950378482,2.0,B breakout
AXISBANK,2018-01-18,2018-02-05,-0.08202956226644181,-1.0502367953918188,2.0,B breakout
AXISBANK,2021-07-14,2021-07-27,-0.04868775757682063,-1.0894583532190685,2.0,B breakout
AXISBANK,2022-09-09,2022-09-28,-0.09354653359923022,-1.043501567865766,2.0,B breakout
AXISBANK,2022-12-09,2022-12-29,-0.014540554929529164,-0.20534012681304714,2.0000000000000018,B breakout
BAJAJ-AUTO,2016-06-27,2016-07-18,0.019654563731161447,0.34312877670801945,2.0,B breakout
BAJAJ-AUTO,2016-07-21,2016-08-10,0.019997514503220126,0.2668276175621001,2.0,B breakout
BAJAJ-AUTO,2017-05-12,2017-05-23,-0.0655744178529852,-1.0664206390697197,2.0,B breakout
BAJAJ-AUTO,2019-03-12,2019-04-02,-0.05723651474019871,-0.7939384562413911,2.0,B breakout
BAJAJ-AUTO,2023-07-06,2023-07-26,-0.008546182591562652,-0.1277598697701546,2.0,B breakout
BAJAJ-AUTO,2023-11-22,2023-12-13,0.10697566413147806,1.7172743596434434,2.0,B breakout
BAJAJ-AUTO,2025-12-31,2026-01-21,-0.01970280775106592,-0.29396625591255005,2.0,B breakout
BAJAJFINSV,2017-04-10,2017-05-02,0.08805804322540427,1.4401326107802814,2.0,B breakout
BAJAJFINSV,2018-06-25,2018-06-28,-0.0572148336172916,-1.0744347774664633,2.0,B breakout
BAJAJFINSV,2020-01-30,2020-01-31,-0.05272461857298758,-1.0814305038642427,2.0000000000000027,B breakout
BAJFINANCE,2023-06-19,2023-06-23,-0.03769703628997384,-1.1187819830936185,2.0,B breakout
BEL,2016-10-30,2016-11-09,-0.053063070299554066,-1.0806611670314872,2.0,B breakout
BEL,2023-07-31,2023-08-02,-0.05215690164433789,-1.0822134720771805,2.0,B breakout
BEL,2023-08-23,2023-09-12,-0.003051080786151505,-0.050416319696140154,2.0,B breakout
BEL,2025-06-23,2025-07-11,-0.008672540240585747,-0.10536935104374781,2.0,B breakout
BEL,2025-11-03,2025-11-24,-0.06427758089573506,-1.0653699587681513,2.0,B breakout
BHARTIARTL,2021-01-08,2021-01-29,0.003250016768261036,0.038173599764692215,2.0,B breakout
BHARTIARTL,2022-10-28,2022-11-18,0.01770742361542933,0.23049844288079838,2.0,B breakout
BHARTIARTL,2023-05-02,2023-05-22,-0.0025583072065306525,-0.03986978551519446,2.0,B breakout
BHARTIARTL,2023-05-26,2023-06-15,-0.002375405817560951,-0.04150732115143591,2.0,B breakout
BHARTIARTL,2024-04-19,2024-05-10,0.011905572149915791,0.14625616860939414,2.0,B breakout
CIPLA,2017-02-06,2017-02-27,-0.04551268708873369,-0.5816384345406527,2.0,B breakout
CIPLA,2022-09-21,2022-10-12,0.0031076840161804948,0.037403325663084,2.0,B breakout
CIPLA,2023-07-27,2023-08-04,0.07642914230370382,0.834387991071884,2.0,B breakout
CIPLA,2024-01-11,2024-02-01,0.030990206257992838,0.38860121084968025,2.0,B breakout
CIPLA,2024-03-12,2024-03-19,-0.05138229158725216,-1.084887300155226,2.0,B breakout
CIPLA,2024-09-02,2024-09-20,-0.02272704725443033,-0.3199171876904793,2.0,B breakout
CIPLA,2025-07-29,2025-08-19,-0.013787334799859633,-0.18567061569986715,2.0,B breakout
COALINDIA,2022-02-10,2022-02-22,-0.0764762339103468,-1.0541333250315912,2.0,B breakout
COALINDIA,2022-11-10,2022-11-15,-0.0955037568354459,-1.1469001343139313,2.0,B breakout
COALINDIA,2023-05-30,2023-06-01,-0.06867514946573083,-1.5316502323885335,2.0000000000000027,B breakout
DRREDDY,2019-02-04,2019-02-11,-0.0894960255877584,-1.0457328774692998,2.0,B breakout
DRREDDY,2019-04-26,2019-05-17,-0.07257395188412828,-1.057293640848081,2.0,B breakout
DRREDDY,2020-01-20,2020-02-06,0.03342528761822094,0.5032242798821513,2.0,B breakout
DRREDDY,2021-06-14,2021-07-02,0.01786217918068022,0.2963800227978423,2.0,B breakout
DRREDDY,2023-12-29,2024-01-18,-0.035359566880140136,-0.5247288530125456,2.0,B breakout
EICHERMOT,2016-07-29,2016-08-19,0.003601896381274168,0.036009334417260536,2.0,B breakout
EICHERMOT,2016-08-31,2016-09-22,0.0690720547336979,0.9508536375810046,2.0,B breakout
EICHERMOT,2017-03-31,2017-04-24,0.010630441135932481,0.1486183078244637,2.0,B breakout
EICHERMOT,2017-05-09,2017-05-29,0.03928506351647106,0.5868606204160398,2.0,B breakout
EICHERMOT,2017-09-08,2017-09-28,-0.09688315171640748,-1.04366983066853,2.0,B breakout
EICHERMOT,2022-09-16,2022-10-07,-0.041976627075112495,-0.510843296178199,2.0,B breakout
EICHERMOT,2024-09-30,2024-10-03,-0.05888758847642778,-1.076695319001287,2.0,B breakout
EICHERMOT,2025-11-21,2025-12-11,0.013645807876226155,0.19592444524465338,2.0,B breakout
ETERNAL,2025-07-15,2025-08-04,0.11117985351719487,1.7569669718436833,2.0,B breakout
GRASIM,2016-06-29,2016-07-20,0.08010121720852921,1.4792809528988302,2.0,B breakout
GRASIM,2020-11-27,2020-12-18,0.03208309114384002,0.4392637949413257,2.0,B breakout
GRASIM,2021-07-14,2021-08-04,-0.01759562031748534,-0.22642842324045565,2.0,B breakout
GRASIM,2023-07-21,2023-08-10,0.001066002337015663,0.020262422620890876,2.0,B breakout
GRASIM,2024-04-01,2024-04-23,0.025852408234752284,0.31959398804196265,2.0,B breakout
GRASIM,2025-05-16,2025-05-27,-0.08632064150022417,-1.0483374355590422,2.0,B breakout
GRASIM,2025-10-28,2025-11-06,-0.06816252742036151,-1.0617874339943,2.0,B breakout
HCLTECH,2018-01-17,2018-02-07,-0.01653503568267801,-0.21501022018236812,2.0,B breakout
HCLTECH,2023-06-21,2023-07-12,-0.059213771505307836,-0.9344702502738587,2.0,B breakout
HCLTECH,2023-09-05,2023-09-26,0.01535236047372186,0.1844516030101658,2.0,B breakout
HCLTECH,2023-12-01,2023-12-21,0.07098140526613153,1.3008533339171817,2.0,B breakout
HCLTECH,2024-07-15,2024-08-05,-0.015704060291720136,-0.18639378059841907,2.0,B breakout
HCLTECH,2024-10-16,2024-11-05,-0.05542306836209895,-0.7582093167633771,2.0,B breakout
HCLTECH,2024-12-06,2024-12-27,-0.022172842608919937,-0.4132919396604029,2.0,B breakout
HDFCBANK,2016-05-27,2016-06-16,-0.022307673716597694,-0.4503196208145873,2.0,B breakout
HDFCBANK,2016-07-26,2016-08-16,-0.01665261758218043,-0.3748156698873647,2.0,B breakout
HDFCBANK,2016-08-31,2016-09-22,0.025215747503049307,0.669221953746843,2.0,B breakout
HDFCBANK,2017-04-24,2017-05-15,0.032243966487269085,0.642099567316636,2.0,B breakout
HDFCBANK,2017-05-26,2017-06-15,0.031236459192070073,0.6598494136626469,2.0,B breakout
HDFCBANK,2017-09-12,2017-10-03,-0.014818649799612279,-0.28224131915827017,2.0,B breakout
HDFCBANK,2018-05-16,2018-06-05,0.011675922021129981,0.2578150310929467,2.000000000000002,B breakout
HDFCBANK,2019-03-13,2019-04-03,0.049408389151373626,0.9458908071817318,2.0,B breakout
HDFCBANK,2019-12-19,2020-01-09,-0.03018811330947886,-0.5427598784501877,2.0,B breakout
HDFCBANK,2021-07-07,2021-07-19,-0.04541486938723412,-1.0959244653937854,2.0,B breakout
HDFCBANK,2021-09-27,2021-10-18,0.029133496467490843,0.5012491431973566,2.0,B breakout
HDFCBANK,2022-09-15,2022-09-23,-0.054995731157197046,-1.077673100930248,2.0,B breakout
HDFCLIFE,2023-06-19,2023-07-10,0.09069852522597484,1.2071008848680547,2.0,B breakout
HDFCLIFE,2025-06-27,2025-07-17,-0.06575049965313257,-0.8121993190875939,2.0,B breakout
HINDALCO,2023-09-04,2023-09-25,-0.021761820256463484,-0.25611629095244454,2.0,B breakout
HINDALCO,2025-09-04,2025-09-24,-0.008561042683709023,-0.12446472090145971,2.0,B breakout
HINDALCO,2025-10-06,2025-10-27,0.07036984325016213,1.0133410012993347,2.0,B breakout
HINDUNILVR,2016-09-09,2016-09-26,-0.06106501816095631,-1.0695668219617902,2.0,B breakout
HINDUNILVR,2017-03-15,2017-04-05,0.02318344464538099,0.3775215190031904,2.0,B breakout
HINDUNILVR,2017-07-19,2017-08-08,-0.003706850746366252,-0.038679692068037945,2.0,B breakout
HINDUNILVR,2017-09-01,2017-09-21,0.028567996954977144,0.6013267317052073,2.0,B breakout
HINDUNILVR,2017-11-13,2017-12-01,-0.03878143680933072,-0.6603206293468062,2.0,B breakout
HINDUNILVR,2018-07-17,2018-07-18,-0.08351728087150476,-1.050213572688495,2.0,B breakout
HINDUNILVR,2020-12-08,2020-12-29,0.05047254131335193,0.6468414050726982,2.0,B breakout
HINDUNILVR,2021-06-22,2021-07-12,-0.03390282602574185,-0.4414397628331052,2.0,B breakout
HINDUNILVR,2024-09-10,2024-09-30,0.0036895617881894695,0.05340941587404112,2.0,B breakout
ICICIBANK,2017-07-27,2017-08-09,-0.07257751775279803,-1.0573273929316034,2.0,B breakout
ICICIBANK,2021-07-26,2021-08-13,0.03180233649915775,0.4342898075132383,2.0,B breakout
ICICIBANK,2021-09-01,2021-09-22,-0.03774893989504829,-0.47989263427933,2.0,B breakout
ICICIBANK,2023-07-19,2023-08-08,-0.0046616155960926605,-0.10657219659445563,2.0,B breakout
INDIGO,2019-09-23,2019-10-15,0.0052359435357374265,0.07905643339349822,2.0,B breakout
INDIGO,2023-01-12,2023-02-02,0.00011359162190615962,0.0016792259366064687,2.0,B breakout
INDIGO,2025-08-19,2025-08-29,-0.06869673287089971,-1.0659217002066552,2.0,B breakout
INFY,2018-01-12,2018-02-02,0.04818916935685486,0.6157068060348796,2.0,B breakout
INFY,2020-01-24,2020-02-12,0.0022510287819124705,0.03523327616341497,2.0,B breakout
INFY,2020-12-21,2021-01-11,0.12195336929599118,2.4871327042217923,2.0,B breakout
INFY,2021-09-27,2021-09-29,-0.06629540373484777,-1.1557645463200592,2.0,B breakout
ITC,2016-08-03,2016-08-24,-0.04190213471981777,-0.7143532884738408,2.0,B breakout
ITC,2017-07-03,2017-07-18,-0.15817776648188037,-1.215928198396108,2.0,B breakout
ITC,2019-01-14,2019-01-23,-0.0659637721236175,-1.0637121580116804,2.0,B breakout
ITC,2019-04-15,2019-05-09,-0.030589452916714322,-0.5344277549229371,2.0,B breakout
ITC,2022-08-03,2022-08-25,0.00010717336995525703,0.0017919470225252652,2.0,B breakout
ITC,2022-09-05,2022-09-23,0.06107097439722396,1.1325489536246263,2.0,B breakout
ITC,2023-04-12,2023-05-04,0.0627204448519627,1.0782596068841246,2.0,B breakout
ITC,2023-07-06,2023-07-26,-0.015196443659105274,-0.19806316366289572,2.0,B breakout
ITC,2023-12-07,2023-12-28,-0.005937969518326514,-0.0852813917488938,2.0,B breakout
ITC,2024-01-04,2024-01-24,-0.038586979608895344,-0.49175993147775154,2.0,B breakout
JSWSTEEL,2016-09-07,2016-09-16,-0.08470249523837317,-1.0485221636701207,2.0,B breakout
JSWSTEEL,2018-05-16,2018-05-21,-0.08036195779929499,-1.051424444823015,2.0,B breakout
JSWSTEEL,2022-12-01,2022-12-21,-0.009939146099973732,-0.12282149168790427,2.0,B breakout
JSWSTEEL,2022-12-28,2023-01-17,-0.009129921810028137,-0.16228868531632318,2.0,B breakout
JSWSTEEL,2023-08-11,2023-08-25,-0.06336140903131299,-1.0796933687422943,2.0,B breakout
JSWSTEEL,2024-09-23,2024-10-14,0.022227363816800405,0.3009724080181178,2.0,B breakout
JSWSTEEL,2025-08-19,2025-09-09,0.018032081882655714,0.3238548787347944,2.0,B breakout
JSWSTEEL,2025-10-29,2025-11-19,-0.024905144066789512,-0.46275201842705166,2.0,B breakout
JSWSTEEL,2026-02-26,2026-03-04,-0.050283634753473846,-1.0862727208136376,2.0,B breakout
KOTAKBANK,2016-09-01,2016-09-23,-0.025187401020998198,-0.410984543655626,2.0,B breakout
KOTAKBANK,2017-05-15,2017-06-02,0.0061595296728219435,0.09839866970089899,2.0,B breakout
KOTAKBANK,2018-01-22,2018-02-12,-0.021489460910538483,-0.32997801509720825,2.0,B breakout
KOTAKBANK,2019-05-03,2019-05-23,0.07974318140914756,1.5112360457482523,2.0,B breakout
KOTAKBANK,2023-06-01,2023-06-08,-0.044862920851839766,-1.0972414286103538,2.0,B breakout
LT,2017-03-15,2017-04-05,0.08465625134983636,1.266723144810442,2.0,B breakout
LT,2017-05-29,2017-06-16,-0.03649084798249588,-0.5547381208654253,2.0,B breakout
LT,2018-01-05,2018-01-25,0.06423517973054281,0.8952446119823492,2.0,B breakout
LT,2018-12-21,2019-01-11,-0.06034412962347908,-0.7636542551140175,2.0,B breakout
LT,2021-08-16,2021-09-06,0.007418732812226834,0.10303536577250676,2.0,B breakout
LT,2022-12-02,2022-12-22,0.0020211680210167914,0.04298467249789817,2.0,B breakout
LT,2023-01-18,2023-02-08,-0.04502718614566762,-0.5745864853311327,2.0,B breakout
LT,2023-07-24,2023-08-11,-0.004256705140351287,-0.04913513453828766,2.0,B breakout
LT,2023-09-08,2023-09-29,0.04218141087077816,0.4513045643153539,2.0,B breakout
LT,2023-12-04,2023-12-22,0.0539719486582317,0.6679671207254624,2.0,B breakout
LT,2025-09-29,2025-10-20,0.03136791906494482,0.6572578815209651,2.0,B breakout
MARUTI,2016-08-31,2016-09-22,0.10013053076040267,1.7627075531215892,2.0,B breakout
MARUTI,2017-04-06,2017-04-27,0.0013664859764002768,0.020063410722284125,2.0,B breakout
MARUTI,2017-07-28,2017-08-11,-0.031935417461624496,-1.1599704642787378,2.0,B breakout
MARUTI,2017-12-08,2017-12-29,0.08693586014845778,1.491653184455614,2.0,B breakout
MARUTI,2020-09-07,2020-09-21,-0.07071896721071952,-1.0596748736902897,2.0,B breakout
MARUTI,2022-08-02,2022-08-24,-0.03584181106297615,-0.5607368313506016,2.0,B breakout
MARUTI,2023-07-06,2023-07-26,-0.02945817764069237,-0.3958622349216652,2.0,B breakout
MARUTI,2024-03-21,2024-04-15,0.030330789031631954,0.4589022346040726,2.0,B breakout
M&M,2016-08-09,2016-08-11,-0.05958810267007154,-1.0715138458889975,2.0,B breakout
M&M,2018-02-02,2018-02-06,-0.07711336546182945,-1.053879272744853,2.0,B breakout
M&M,2018-08-13,2018-09-04,-0.017495924703097538,-0.4285990152003472,2.0,B breakout
M&M,2020-08-11,2020-08-31,-0.0410845953280036,-0.5517855366558946,2.0,B breakout
M&M,2023-05-30,2023-06-19,0.049824585883029744,0.6680066563204275,2.0,B breakout
M&M,2023-07-03,2023-07-21,0.03170299908037399,0.42965701188809413,2.0,B breakout
NESTLEIND,2017-11-07,2017-11-27,-0.018419829299378153,-0.26395484556570564,2.0,B breakout
NESTLEIND,2018-03-28,2018-04-19,0.11648935384347696,1.6151586515707383,2.0,B breakout
NESTLEIND,2018-06-27,2018-07-17,0.03516084228327159,0.5391716783543271,2.0,B breakout
NESTLEIND,2019-09-23,2019-10-15,0.023574058217437226,0.2521554073262382,2.0,B breakout
NESTLEIND,2021-06-17,2021-07-07,-0.015564935847081211,-0.4363592877687019,2.0,B breakout
NESTLEIND,2021-07-28,2021-08-17,0.01709943977059042,0.3289533660848363,2.0,B breakout
NESTLEIND,2022-08-01,2022-08-23,0.004838439174633825,0.07110808643728175,2.0,B breakout
NESTLEIND,2023-06-08,2023-06-28,0.008038581566902214,0.14585255896826327,2.0,B breakout
NESTLEIND,2023-12-20,2024-01-10,-0.0011794495632265758,-0.018956465610016113,2.0,B breakout
NESTLEIND,2026-01-06,2026-01-28,-0.024671371317068112,-0.38433490026996253,2.0,B breakout
NTPC,2016-08-19,2016-09-09,-0.05717061707440163,-0.8153581540331075,2.0,B breakout
NTPC,2017-01-13,2017-02-03,-0.021355722517797354,-0.25502702906127556,2.0,B breakout
NTPC,2019-07-02,2019-07-08,-0.08690076734469451,-1.0471443383416719,2.0,B breakout
NTPC,2022-09-15,2022-09-26,-0.09100472014688847,-1.0448814527447257,2.0,B breakout
NTPC,2023-03-09,2023-03-29,-0.02910903411357962,-0.48005640324220117,2.0,B breakout
NTPC,2023-06-13,2023-07-04,0.03858790174342152,0.4778881413193349,2.0,B breakout
NTPC,2023-09-04,2023-09-25,0.02083119702094775,0.2543560119697679,2.0,B breakout
ONGC,2018-01-24,2018-02-02,-0.0922755143445491,-1.044164122333155,2.0,B breakout
ONGC,2023-09-04,2023-09-25,0.004407797997573658,0.06816893060445034,2.0,B breakout
ONGC,2023-11-16,2023-12-07,-0.022248036558225593,-0.2513047864393984,2.0,B breakout
POWERGRID,2016-05-27,2016-06-16,0.016526272073658258,0.2563738020725105,2.0,B breakout
POWERGRID,2016-06-20,2016-07-11,0.05639167127754776,0.960656164769259,2.0,B breakout
POWERGRID,2019-07-26,2019-08-05,-0.059455621295698584,-1.0711786244844697,2.0,B breakout
POWERGRID,2022-09-15,2022-09-22,-0.05948281574020862,-1.071172367117108,2.0,B breakout
POWERGRID,2023-04-18,2023-05-09,0.02277017304049664,0.30795294369549053,2.0,B breakout
POWERGRID,2023-06-22,2023-07-13,-0.062059620299489485,-0.8014560660862665,2.0,B breakout
POWERGRID,2023-12-06,2023-12-27,0.030950357280063488,0.36448434916033484,2.0,B breakout
RELIANCE,2016-08-31,2016-09-22,0.017935933295075725,0.29230231577247245,2.0,B breakout
RELIANCE,2017-09-14,2017-09-28,-0.08923349367594366,-1.0459509872142718,2.0,B breakout
RELIANCE,2018-01-23,2018-02-02,-0.07818753833563699,-1.0529112179112035,2.0,B breakout
RELIANCE,2019-11-20,2019-12-10,-0.00014414031067718443,-0.0015984368992691532,2.0,B breakout
RELIANCE,2022-04-21,2022-05-09,-0.09281158753634905,-1.0438603660591326,2.0,B breakout
RELIANCE,2023-06-19,2023-07-10,0.053675556554726264,1.032030085967818,2.0,B breakout
SBILIFE,2019-06-27,2019-07-17,0.07907176570456216,1.3556665621260264,2.0,B breakout
SBILIFE,2021-01-11,2021-01-22,-0.07663533850599465,-1.054519751581725,2.0,B breakout
SBILIFE,2021-07-14,2021-08-04,0.07785521927274283,1.3885573495333436,2.0,B breakout
SBILIFE,2023-08-09,2023-08-30,-0.05229675195342238,-0.5834248563847256,2.0,B breakout
SBILIFE,2023-11-20,2023-12-11,0.028326796782878298,0.3944487719070352,2.0,B breakout
SBIN,2017-05-05,2017-05-25,-0.040623831683702274,-0.5201978344099222,2.0,B breakout
SBIN,2021-08-04,2021-08-17,-0.07568317288624514,-1.0549477713124096,2.0,B breakout
SBIN,2025-09-18,2025-10-09,-0.0005660171546564484,-0.008411927231819218,2.0,B breakout
SBIN,2025-10-29,2025-11-19,0.04758053623915457,0.677673239913611,2.0,B breakout
SBIN,2026-01-14,2026-02-04,0.032414668425069924,0.5514166742631613,2.0,B breakout
SHRIRAMFIN,2023-06-20,2023-06-21,0.17245586948918432,2.703456483846708,2.0,B breakout
SHRIRAMFIN,2023-12-15,2024-01-05,0.02152539007252113,0.2935251339869061,2.0,B breakout
SUNPHARMA,2020-08-31,2020-08-31,-0.08086066523644682,-1.051076777110847,2.0,B breakout
SUNPHARMA,2021-09-30,2021-10-21,-0.00016073875651042253,-0.0019176316840091895,2.0,B breakout
SUNPHARMA,2023-07-03,2023-07-21,0.0372201282717961,0.4907753062265786,2.0,B breakout
SUNPHARMA,2024-01-03,2024-01-23,0.05856891918706481,0.8108590709386354,2.0,B breakout
TATACONSUM,2016-07-28,2016-08-18,0.001601720975156368,0.02193765419651746,2.0,B breakout
TATACONSUM,2017-05-03,2017-05-23,-0.08159028925030312,-1.0504917360993749,2.0,B breakout
TATACONSUM,2019-10-31,2019-11-21,0.03600394053472622,0.518528163279464,2.0,B breakout
TATACONSUM,2021-01-12,2021-01-18,-0.08307615732212854,-1.049591304169199,2.0,B breakout
TATACONSUM,2021-08-16,2021-09-06,0.07277597640005763,0.9703127716540468,2.0,B breakout
TATACONSUM,2022-09-02,2022-09-22,-0.053840682631951235,-0.6476860103906829,2.0,B breakout
TATACONSUM,2023-06-01,2023-06-21,0.07183811645551295,1.262907059216175,2.0,B breakout
TATACONSUM,2023-09-14,2023-10-06,-0.027097725776191708,-0.3434576537632574,2.0,B breakout
TATACONSUM,2023-12-20,2023-12-28,0.0524295196762925,1.440620413110244,2.0,B breakout
TATACONSUM,2025-10-20,2025-11-11,-0.013706817431349093,-0.24776982896768265,2.0,B breakout
TATASTEEL,2017-02-21,2017-03-15,-0.024642756417086742,-0.326519525095233,2.0,B breakout
TATASTEEL,2017-06-30,2017-07-20,0.03792637057270186,0.5340517242123609,2.0,B breakout
TATASTEEL,2024-03-02,2024-03-14,-0.09322394767268435,-1.0436634880619022,2.0,B breakout
TATASTEEL,2025-10-10,2025-10-31,0.034186747159278524,0.5576516908237974,2.0,B breakout
TCS,2018-06-18,2018-07-06,0.01946555533685955,0.218962657196209,2.0000000000000018,B breakout
TCS,2018-08-24,2018-09-14,0.01023192141444302,0.26053274523976094,2.0,B breakout
TCS,2019-04-16,2019-05-10,0.0028786258244478656,0.04846930748894506,2.0,B breakout
TCS,2021-06-25,2021-07-12,-0.05762797031197212,-1.0765706911837851,2.0,B breakout
TCS,2023-09-13,2023-10-05,0.0004929323626594104,0.007329774356615815,2.0,B breakout
TCS,2024-03-13,2024-03-22,-0.07753963538441196,-1.2138308537693294,2.0,B breakout
TECHM,2019-12-19,2020-01-09,-0.025189060621656354,-0.34858876014877344,2.0,B breakout
TECHM,2020-01-30,2020-02-18,0.03652110305991825,0.6390654294752213,2.0,B breakout
TECHM,2021-06-11,2021-07-01,0.014406046191757685,0.20057585378144896,2.0,B breakout
TECHM,2021-07-16,2021-08-06,0.13174348457145135,1.6527653591051725,2.0,B breakout
TECHM,2021-09-23,2021-09-29,-0.08630983446595751,-1.0900255336934221,2.0,B breakout
TECHM,2023-07-06,2023-07-26,-0.03152703487476917,-0.4266372819149768,2.0,B breakout
TECHM,2023-09-18,2023-09-29,-0.06711519216017901,-1.0623876188326622,2.0,B breakout
TECHM,2026-01-19,2026-02-06,-0.045920147695866824,-0.5682765151291201,2.0,B breakout
TITAN,2017-09-06,2017-09-25,-0.07056226729747689,-1.0590673746451809,2.0,B breakout
TITAN,2019-03-18,2019-04-08,-0.0050813985704123215,-0.05859511297351873,2.0,B breakout
TITAN,2022-08-29,2022-09-19,0.061356054866760025,2.083859917071097,2.0,B breakout
TITAN,2023-05-08,2023-05-26,-0.0013075843954829243,-0.019224756884843357,2.0,B breakout
TITAN,2023-06-30,2023-07-20,-0.023203905730373675,-0.4448922852549897,2.0,B breakout
TITAN,2023-09-14,2023-10-06,0.005233409604587609,0.08263288416967285,2.0,B breakout
TITAN,2024-01-17,2024-02-01,-0.05318464766452478,-1.0839786154700177,2.0,B breakout
TITAN,2025-12-29,2026-01-19,0.028696285755311125,0.57904524361442,2.0,B breakout
TRENT,2023-04-21,2023-04-28,-0.05604098276754495,-1.076032342647327,2.0,B breakout
TRENT,2023-09-26,2023-10-17,-0.04061979654778138,-0.5509640652397412,2.0,B breakout
ULTRACEMCO,2017-03-03,2017-03-24,0.03681673127159116,0.7028660015744185,2.0,B breakout
ULTRACEMCO,2017-04-26,2017-05-17,0.05023223064275556,0.6332970554357266,2.0,B breakout
ULTRACEMCO,2018-01-16,2018-02-02,-0.07119210490578609,-1.0606193438241245,2.0,B breakout
ULTRACEMCO,2021-07-13,2021-08-03,0.09814980237143998,1.5156020466995517,2.0,B breakout
ULTRACEMCO,2022-12-02,2022-12-22,-0.040539317305129906,-0.5169061102880402,2.0,B breakout
ULTRACEMCO,2023-09-05,2023-09-26,-0.04574357337291558,-0.6883091065962714,2.0,B breakout
ULTRACEMCO,2025-08-19,2025-09-09,-0.02151289045958532,-0.3830543804532507,2.0,B breakout
WIPRO,2017-05-19,2017-06-08,0.03126211119013807,0.49630983233257775,2.0,B breakout
WIPRO,2017-09-01,2017-09-14,-0.059726927421420724,-1.517442695346662,2.0,B breakout
WIPRO,2021-08-18,2021-09-08,0.036899542703471094,0.5101065302763225,2.0,B breakout
WIPRO,2023-09-05,2023-09-26,-0.05689693594978402,-0.7940511270874042,2.0,B breakout
WIPRO,2024-12-06,2024-12-27,0.02860401655458044,0.38826964468818675,2.0,B breakout
ADANIENT,2017-08-10,2017-08-10,-0.028821104725185495,-1.1610352291782895,4.233479910848743,C bollinger
ADANIENT,2018-03-08,2018-03-08,-0.04573426166843003,-1.095217639921202,9.498411353526782,C bollinger
ADANIENT,2022-12-26,2023-01-10,-0.022598482011327827,-1.2177780654137023,9.905167820991007,C bollinger
ADANIENT,2023-01-20,2023-01-25,-0.019125869569346143,-1.2750919554734323,11.407276550998853,C bollinger
ADANIENT,2024-03-14,2024-04-05,0.09663984710651533,2.796140044566515,5.640863851470227,C bollinger
ADANIPORTS,2021-06-18,2021-07-08,0.10156243891849465,3.7140748016786165,12.09794252678119,C bollinger
ADANIPORTS,2021-10-29,2021-11-22,0.0211973984085592,0.6397283980773795,10.205372060146466,C bollinger
ADANIPORTS,2023-10-25,2023-10-25,-0.013994934432815933,-1.4070352604288823,18.84761225944394,C bollinger
ADANIPORTS,2024-03-14,2024-03-28,0.11610052435974508,4.430814634978584,4.785629160247649,C bollinger
ADANIPORTS,2024-05-10,2024-05-23,0.13486230352834205,9.077977239598052,14.392933466305793,C bollinger
APOLLOHOSP,2021-12-21,2022-01-10,0.05929606671713755,1.6978530026765772,11.272188913518246,C bollinger
APOLLOHOSP,2022-01-19,2022-01-19,-0.035454247898220013,-1.1306375766753098,9.194903444156887,C bollinger
APOLLOHOSP,2023-08-16,2023-09-05,0.03371026925517858,1.5784994017403888,4.482426278792155,C bollinger
APOLLOHOSP,2025-09-30,2025-10-01,-0.010493398696543794,-1.6247378920385294,12.057039566178018,C bollinger
APOLLOHOSP,2025-11-14,2025-11-14,-0.010777112932886445,-1.5985145858962626,14.00797115202118,C bollinger
ASIANPAINT,2016-10-28,2016-10-28,-0.011432448641417946,-1.5507468715522301,11.924641597237695,C bollinger
ASIANPAINT,2017-09-29,2017-10-23,0.034368635170746294,2.844079003468541,10.06193425440679,C bollinger
ASIANPAINT,2018-09-05,2018-09-10,-0.01879118656205432,-1.2757322661414794,11.533857905921526,C bollinger
ASIANPAINT,2019-11-25,2019-11-25,-0.013960380982809197,-1.4133379618140887,10.430969006492694,C bollinger
ASIANPAINT,2021-01-28,2021-01-28,-0.009757723781727802,-1.7154734817233535,14.968855167350139,C bollinger
ASIANPAINT,2021-10-22,2021-10-25,-0.03000946997954835,-1.154057428265903,4.881887034437341,C bollinger
ASIANPAINT,2022-01-27,2022-02-16,0.03116202560724662,0.6348013216998445,2.7698561601000615,C bollinger
ASIANPAINT,2023-08-11,2023-08-11,-0.01193362074650824,-1.5159520139727969,13.79831305516148,C bollinger
ASIANPAINT,2026-01-28,2026-01-28,-0.007516115351276202,-2.219351289219139,3.8145506419400697,C bollinger
AXISBANK,2016-09-28,2016-09-29,-0.020989904304908366,-1.2364829891407771,14.271346254583708,C bollinger
AXISBANK,2023-01-30,2023-02-01,-0.011678936315363028,-1.5271210260260741,3.443319385440955,C bollinger
AXISBANK,2023-10-26,2023-11-15,0.08440641168583465,8.428986447290177,10.747003023037532,C bollinger
AXISBANK,2024-07-26,2024-08-05,-0.024243637280684727,-1.627406429400298,5.909647483405267,C bollinger
BAJAJ-AUTO,2021-03-18,2021-03-25,-0.023795376931645962,-1.2057326219056663,19.33240320892932,C bollinger
BAJAJ-AUTO,2021-07-13,2021-07-16,-0.01900317649328773,-1.2760777299038177,13.653296737570965,C bollinger
BAJAJ-AUTO,2022-09-08,2022-09-15,-0.023373081638405492,-1.215799308139298,5.370158708877297,C bollinger
BAJAJ-AUTO,2023-08-14,2023-08-14,-0.00829854408347734,-2.0005602247134995,9.955024911351625,C bollinger
BAJAJ-AUTO,2024-10-18,2024-10-18,-0.01283380905200208,-1.5721037532286988,18.045777618616967,C bollinger
BAJAJFINSV,2017-05-23,2017-05-23,-0.01923636496328252,-1.2643509831288446,14.519202850732372,C bollinger
BAJAJFINSV,2017-05-25,2017-06-14,0.03398848447046381,0.6194560218626258,4.0642978929037215,C bollinger
BAJAJFINSV,2017-10-26,2017-11-15,-0.02196758184154221,-0.5327488434750941,3.763772587042746,C bollinger
BAJAJFINSV,2018-09-05,2018-09-05,-0.013056908180856289,-1.4457114412363803,10.847207055858748,C bollinger
BAJAJFINSV,2018-09-11,2018-09-11,-0.016222839331693422,-1.3297333496720174,12.029127926021063,C bollinger
BAJAJFINSV,2019-07-09,2019-07-22,-0.027467668810732086,-1.1712768720140716,5.554691190512095,C bollinger
BAJAJFINSV,2023-08-04,2023-08-14,-0.026989196711199474,-1.177433814754397,6.729116233378927,C bollinger
BAJAJFINSV,2024-01-18,2024-01-18,-0.014583802159926084,-1.389184075908756,9.652807925641405,C bollinger
BAJAJFINSV,2024-10-22,2024-10-22,-0.013751490557389114,-1.413755749739308,16.851205320033284,C bollinger
BAJFINANCE,2017-10-26,2017-10-26,-0.02606934369948147,-1.1815114047785518,10.388162127385904,C bollinger
BAJFINANCE,2019-07-26,2019-08-19,0.08756077594660472,2.9067195434615356,7.911384907001583,C bollinger
BAJFINANCE,2021-11-23,2021-11-23,-0.012810102203488914,-1.4620390444942797,8.529966516142897,C bollinger
BAJFINANCE,2026-01-02,2026-01-02,-0.01257627920161033,-1.47646847658201,16.138975501113418,C bollinger
BEL,2018-01-17,2018-01-17,-0.011795757646292175,-1.518165715656095,14.036444775009427,C bollinger
BEL,2018-01-19,2018-02-01,-0.03801389312202452,-1.1171130326837255,4.367295597484274,C bollinger
BEL,2023-10-27,2023-11-16,0.09837589789666377,4.143138993709613,7.009575923392632,C bollinger
BEL,2024-09-20,2024-10-07,-0.03617295005735069,-1.124027000253196,9.163267768794512,C bollinger
BEL,2025-08-04,2025-08-20,-0.017295727357871625,-1.3025239498330925,19.256140350877093,C bollinger
BEL,2025-08-28,2025-08-28,-0.009023828007494397,-1.8083565457302075,20.401973513372884,C bollinger
BEL,2025-12-09,2025-12-09,-0.010484173400393253,-1.6270715048294846,12.240137221269455,C bollinger
BEL,2025-12-11,2026-01-01,0.025655995989461323,1.2527629361067494,4.808025177025964,C bollinger
BHARTIARTL,2017-09-08,2017-09-19,-0.01745050380546274,-1.2997722714623468,8.968769030013169,C bollinger
BHARTIARTL,2018-01-25,2018-01-25,-0.03166630159440114,-1.1448930809624347,12.215045854690056,C bollinger
BHARTIARTL,2021-03-02,2021-03-09,-0.04857578537771108,-1.0892276845142093,5.827666728937047,C bollinger
BHARTIARTL,2023-01-12,2023-02-02,0.012066118770511324,0.47632478084650376,4.850252997219313,C bollinger
BHARTIARTL,2024-11-05,2024-11-08,-0.01652408728276709,-1.3284127515421171,6.968220830433739,C bollinger
CIPLA,2017-04-17,2017-04-21,-0.024158923707447984,-1.199771864394023,5.078841595382865,C bollinger
CIPLA,2021-03-19,2021-03-19,-0.011539895476371692,-1.5418289485131296,13.154897494305258,C bollinger
CIPLA,2021-07-28,2021-07-28,-0.022710371363736232,-1.2156636043702955,10.118229783568339,C bollinger
CIPLA,2021-07-30,2021-08-20,0.0019041771562728898,0.09229627253971988,7.183287347260522,C bollinger
CIPLA,2023-09-27,2023-10-05,-0.030854217434942505,-1.1492983294164238,14.300402324541517,C bollinger
CIPLA,2024-04-16,2024-04-18,-0.01718081254104634,-1.3090465492613177,9.882775426445916,C bollinger
COALINDIA,2021-11-18,2021-11-18,-0.014294828519786664,-1.3913570875483536,30.21719457013588,C bollinger
COALINDIA,2022-09-28,2022-09-28,-0.007645244387296227,-2.1182299675925513,9.301280049953188,C bollinger
DRREDDY,2020-11-11,2020-12-02,0.020767538966184978,1.1614731801615903,16.168273320101967,C bollinger
DRREDDY,2021-01-28,2021-01-28,-0.013341973756734758,-1.4378316733402223,4.995816668197474,C bollinger
DRREDDY,2023-05-12,2023-05-12,-0.014463487391147644,-1.3902791719411942,14.210672441556913,C bollinger
EICHERMOT,2017-06-28,2017-06-28,-0.015327478542160725,-1.3586165949133708,13.5813301282051,C bollinger
EICHERMOT,2017-11-15,2017-12-01,-0.02305634385551861,-1.219634344211847,5.27574344639013,C bollinger
EICHERMOT,2020-11-03,2020-11-13,0.1661464019589203,8.429262971723888,11.578168362627167,C bollinger
EICHERMOT,2021-02-22,2021-02-22,-0.01945604029799957,-1.2656041544659211,12.193896216424386,C bollinger
EICHERMOT,2021-07-20,2021-07-20,-0.012766443195231687,-1.4725263364214525,10.45029940119761,C bollinger
EICHERMOT,2021-07-23,2021-07-30,-0.023799027495474294,-1.2073565068608245,5.460054531663259,C bollinger
EICHERMOT,2022-11-21,2022-11-24,-0.01699596460675992,-1.3235429064750566,11.96602699869506,C bollinger
EICHERMOT,2024-08-08,2024-08-29,0.058257307733756106,2.624329028864208,6.265036888075941,C bollinger
EICHERMOT,2026-01-27,2026-01-28,-0.020172235280398867,-1.2551122071579848,10.239223522694811,C bollinger
ETERNAL,2025-11-07,2025-11-10,-0.021189601093326117,-1.233363181750529,13.04451038575675,C bollinger
GRASIM,2016-11-04,2016-11-04,-0.024897405154875932,-1.1921454782654965,8.744491943439629,C bollinger
GRASIM,2017-12-06,2017-12-06,-0.014938216021619499,-1.3740116226343608,12.948769462581659,C bollinger
GRASIM,2021-04-26,2021-05-10,0.1409892021770127,5.1489455379426055,7.020970911316559,C bollinger
GRASIM,2021-08-24,2021-09-14,0.11285582971398268,7.076703411220929,9.132064834390336,C bollinger
GRASIM,2024-08-09,2024-08-13,-0.02097360799355495,-1.2427685308510514,10.920991774245486,C bollinger
HCLTECH,2019-12-11,2019-12-12,-0.015152683363523052,-1.360964538632499,7.712005433859568,C bollinger
HCLTECH,2021-11-22,2021-11-22,-0.015590869592035095,-1.3517121386995778,20.791120080726458,C bollinger
HDFCBANK,2016-10-18,2016-10-27,-0.016616782459237187,-1.3195718246337949,8.44233712899,C bollinger
HDFCBANK,2019-07-23,2019-07-23,-0.01454184297649303,-1.3830858935611918,7.989917595734365,C bollinger
HDFCBANK,2020-01-28,2020-02-01,-0.014500539278450244,-1.3844166140320069,14.020887020208587,C bollinger
HDFCBANK,2025-08-29,2025-08-29,-0.006926258958501133,-2.4076063599262154,10.052337547780146,C bollinger
HDFCLIFE,2020-02-03,2020-02-03,-0.0390257578783614,-1.113793769259475,2.92920381667449,C bollinger
HDFCLIFE,2020-10-01,2020-10-22,-0.01665774187283679,-0.6115906799192486,13.325779036827248,C bollinger
HDFCLIFE,2023-10-27,2023-11-16,0.04296703253674512,3.6030547870499823,10.63910969793333,C bollinger
HDFCLIFE,2025-07-21,2025-08-04,-0.012318857211526668,-1.4886349000361379,11.205516561999774,C bollinger
HINDALCO,2017-12-01,2017-12-01,-0.015985961578382443,-1.3364426985246134,14.046082949308882,C bollinger
HINDALCO,2024-02-14,2024-03-04,0.014711817973446254,0.31029480092740475,5.717033475124829,C bollinger
HINDALCO,2024-08-06,2024-08-27,0.12058465936063753,3.541960223110718,9.791634190698959,C bollinger
HINDUNILVR,2018-09-06,2018-09-11,-0.027401002787382125,-1.1726386157530757,7.7378889395587045,C bollinger
HINDUNILVR,2019-07-11,2019-07-22,-0.011808870910009558,-1.525264537120264,6.363784602244046,C bollinger
HINDUNILVR,2019-12-18,2019-12-18,-0.014014513637589238,-1.4059405714767577,11.462178855966435,C bollinger
HINDUNILVR,2021-10-20,2021-10-20,-0.02892009561309063,-1.164147764776367,7.721837356042892,C bollinger
ICICIBANK,2017-09-22,2017-09-22,-0.008194288814961582,-1.9716953318401582,12.346786248131439,C bollinger
ICICIBANK,2018-03-05,2018-03-05,-0.012631619963887331,-1.4683316709146732,20.438570141183504,C bollinger
ICICIBANK,2020-02-03,2020-02-24,0.04655965666835909,4.360939013971382,8.292424949447776,C bollinger
ICICIBANK,2021-11-29,2021-11-29,-0.021825494836070016,-1.2255339408992991,17.97362296353767,C bollinger
ICICIBANK,2021-12-01,2021-12-20,-0.019193374248379753,-1.2665857143543209,18.021292294719142,C bollinger
ICICIBANK,2025-08-29,2025-09-02,-0.00459951386960981,-8.66265734749929,14.322940430925168,C bollinger
INDIGO,2017-08-30,2017-09-19,-0.025416994276200793,-1.1884350773842218,8.068971206996148,C bollinger
INDIGO,2019-07-12,2019-08-01,0.14255550699203068,1.8295466629482964,3.3662576075027433,C bollinger
INDIGO,2021-02-23,2021-03-03,0.17740592195012014,11.255775314145957,11.278818311769237,C bollinger
INFY,2019-09-24,2019-10-16,0.0038605583251613436,0.10544208578206876,3.057168334489242,C bollinger
INFY,2022-01-25,2022-01-25,-0.010122689240366186,-1.6681893223086692,10.944904573280587,C bollinger
INFY,2022-01-28,2022-02-17,0.02136279175430978,1.300007712195859,11.263826989113788,C bollinger
INFY,2022-04-13,2022-04-18,-0.0893920621964283,-4.332879583466529,9.231824737847417,C bollinger
INFY,2024-03-20,2024-03-21,-0.012783724648225234,-1.4611916828293368,15.086055276381837,C bollinger
INFY,2024-10-31,2024-10-31,-0.0059262105476300024,-3.2383212108873787,11.417065948856065,C bollinger
ITC,2017-07-19,2017-08-08,-0.051793708763752874,-0.9799985624508583,7.017935192162742,C bollinger
ITC,2024-01-31,2024-02-06,-0.0160776000663947,-1.3333888853786564,13.79341657207705,C bollinger
ITC,2024-10-14,2024-10-18,-0.016240017377502712,-1.3287819589282037,13.578820697954216,C bollinger
JIOFIN,2025-09-26,2025-09-26,-0.008164213113846115,-1.9785634896307935,20.62717770034791,C bollinger
JSWSTEEL,2016-10-28,2016-11-03,-0.03809258801577704,-1.116928207410729,7.567978290366389,C bollinger
JSWSTEEL,2017-12-07,2017-12-14,-0.01831449771908164,-1.281032819381716,12.88936321593739,C bollinger
JSWSTEEL,2018-07-19,2018-08-08,0.14893757803783755,7.596544460958372,10.293440526219623,C bollinger
JSWSTEEL,2021-09-21,2021-10-11,0.057057065208490555,3.826107328748746,15.753435414212666,C bollinger
JSWSTEEL,2023-01-31,2023-02-20,0.016053532381896756,0.5545234556348847,6.194455713319769,C bollinger
JSWSTEEL,2024-12-20,2024-12-20,-0.01584371378192603,-1.3414813582173546,13.119316239316255,C bollinger
JSWSTEEL,2025-11-25,2025-12-10,-0.01275507163078665,-1.46122156191492,15.0533515731871,C bollinger
KOTAKBANK,2018-08-17,2018-09-05,-0.017032884940445105,-1.3085691307686917,18.847896440128974,C bollinger
KOTAKBANK,2020-01-23,2020-02-11,0.05157896142743376,3.8871147302822298,8.377555110220392,C bollinger
KOTAKBANK,2021-01-29,2021-02-16,0.15973851065378877,4.541051216205944,9.33274687266423,C bollinger
LT,2018-06-22,2018-06-25,-0.010985037869325202,-1.581758511551633,14.34088109900527,C bollinger
LT,2021-03-25,2021-04-12,-0.013385582826965803,-1.4297001367412017,11.060660872634129,C bollinger
LT,2021-04-20,2021-05-11,0.04343075431071457,2.399744315609822,20.579827014372004,C bollinger
LT,2022-02-15,2022-02-24,-0.020615666951605067,-1.2449865411933518,15.419650332430502,C bollinger
LT,2024-05-10,2024-05-10,-0.015691830378405887,-1.3464661072791613,19.14483726642719,C bollinger
LT,2026-01-14,2026-01-19,-0.02553916181486409,-1.1930275116343059,4.450599421248438,C bollinger
MARUTI,2016-11-10,2016-11-11,-0.046210485649091346,-1.0970602860922447,4.962376660413922,C bollinger
MARUTI,2020-09-23,2020-10-14,0.07856824865969773,2.4816331236558615,5.042315023392823,C bollinger
MARUTI,2023-12-21,2024-01-11,-0.004084930986808607,-0.1753518835986013,2.7494328418443126,C bollinger
MARUTI,2025-11-06,2025-11-07,-0.02165352326370282,-1.318803757325965,14.628478569977743,C bollinger
MAXHEALTH,2023-08-04,2023-08-04,-0.02926769624004336,-1.1587305000537782,3.8502752972747873,C bollinger
MAXHEALTH,2025-08-29,2025-09-09,-0.010960887480263623,-1.5808865631592124,9.271164589600309,C bollinger
M&M,2018-02-21,2018-03-14,0.012415521124377691,0.46922211855881046,8.046075871601918,C bollinger
M&M,2018-09-28,2018-09-28,-0.02926707684566394,-1.158467216068603,5.306544202066566,C bollinger
M&M,2021-04-06,2021-04-12,-0.03195523209602592,-1.1431332701724497,14.77581340068333,C bollinger
M&M,2022-11-22,2022-12-12,0.030820657658608197,1.4102079443216375,6.251260820474235,C bollinger
M&M,2023-11-01,2023-11-21,0.059949587915874236,5.023054192769809,20.15733015494646,C bollinger
NESTLEIND,2016-09-01,2016-09-02,-0.017296239550724426,-1.3028872638701465,10.023855002334523,C bollinger
NESTLEIND,2018-01-29,2018-02-01,-0.021781807675778943,-1.2262571434833875,6.019687046550768,C bollinger
NESTLEIND,2019-02-14,2019-02-14,-0.018650386089331658,-1.2759989313571145,6.286677133994526,C bollinger
NESTLEIND,2021-10-26,2021-11-16,0.03718447829948434,3.543717683456994,9.410731227379788,C bollinger
NESTLEIND,2022-01-21,2022-01-25,-0.013836448255071647,-1.4104049142852775,5.1983258302529824,C bollinger
NESTLEIND,2023-08-14,2023-08-17,-0.013108183005079495,-1.4461116535834346,8.363111837676756,C bollinger
NESTLEIND,2025-12-09,2025-12-09,-0.01005135300909596,-1.6786848497257625,14.70645686380913,C bollinger
NESTLEIND,2025-12-11,2026-01-01,0.06594531595720904,8.327245992023455,11.503614457831363,C bollinger
NTPC,2017-03-02,2017-03-02,-0.02194667989722485,-1.2236847206675712,9.821736630247264,C bollinger
NTPC,2021-11-30,2021-12-06,-0.03389241469876215,-1.133553672473181,10.384643245200973,C bollinger
ONGC,2017-03-31,2017-04-18,-0.018873211235492182,-1.270145014843471,16.800000000000086,C bollinger
ONGC,2023-06-01,2023-06-21,0.030884935865959907,0.8486629720610188,2.4460966542750957,C bollinger
ONGC,2024-06-05,2024-06-26,0.07916677078457983,0.7267867351015195,3.5104570100697083,C bollinger
ONGC,2024-09-10,2024-09-11,-0.0301113747332764,-1.2019221074387867,7.454807969968245,C bollinger
POWERGRID,2017-03-03,2017-03-24,0.020490597151685126,3.122657855756498,10.291841179427049,C bollinger
RELIANCE,2019-05-10,2019-05-13,-0.022096064362874195,-1.2227906234570438,11.74525760954547,C bollinger
RELIANCE,2020-01-31,2020-01-31,-0.018793485415549285,-1.2737488229517266,15.105619218555782,C bollinger
RELIANCE,2020-10-27,2020-10-29,-0.023106215719576682,-1.4512042364929696,13.261982888159588,C bollinger
RELIANCE,2020-11-03,2020-11-03,-0.02995742560609739,-1.1555471552446805,13.818061265084204,C bollinger
RELIANCE,2021-11-25,2021-12-15,-0.004491285537425993,-0.13402568318993588,7.030301353949161,C bollinger
RELIANCE,2023-09-22,2023-09-25,-0.01659969878573553,-1.320495283007569,15.172295852928578,C bollinger
RELIANCE,2024-05-08,2024-05-13,-0.01296819625722622,-1.4542024745506783,7.036858375513777,C bollinger
RELIANCE,2025-07-23,2025-07-24,-0.01910900970063194,-1.2659234733361293,18.048507462686604,C bollinger
RELIANCE,2026-01-09,2026-01-12,-0.0064640154305230495,-2.691803922431798,16.823829787234114,C bollinger
SBILIFE,2020-02-03,2020-02-03,-0.024584894058314405,-1.1957136656528307,8.258322237017302,C bollinger
SBILIFE,2021-10-26,2021-11-16,0.011246762569745692,0.7032691419796272,11.703188405797013,C bollinger
SBILIFE,2022-10-14,2022-10-14,-0.023540660771860962,-1.2083287570724819,15.641626969585827,C bollinger
SBILIFE,2024-10-09,2024-10-17,-0.02539794986605457,-1.1877441554803323,12.53992354493087,C bollinger
SBIN,2017-06-30,2017-06-30,-0.010822928908433683,-1.5927913700495404,19.782357790601573,C bollinger
SBIN,2019-07-31,2019-08-01,-0.009714538523120257,-1.7089905712398779,11.173425366695527,C bollinger
SBIN,2021-04-13,2021-05-05,0.06568911271929267,1.6991894247255461,10.355626227668107,C bollinger
SBIN,2021-11-30,2021-12-20,-0.04163183780404073,-1.1056814460428506,5.315300915964835,C bollinger
SBIN,2021-12-22,2022-01-11,0.11933781832786144,5.183317233657485,15.6403712296984,C bollinger
SBIN,2022-12-26,2023-01-13,0.04076642295948541,4.23353606263053,10.57735464127852,C bollinger
SBIN,2023-01-27,2023-01-27,-0.010557198725413117,-1.6212839754743669,14.761100281567956,C bollinger
SBIN,2024-08-06,2024-08-27,-0.012725722483474297,-0.3708734099715215,5.946666666666668,C bollinger
SHRIRAMFIN,2016-09-15,2016-09-16,-0.029828965157302937,-1.1549571509991543,5.802862882973371,C bollinger
SHRIRAMFIN,2018-02-05,2018-02-19,-0.02793248153069495,-1.1675849543825456,4.270500792006827,C bollinger
SHRIRAMFIN,2021-08-05,2021-08-09,-0.019459287646598374,-1.2600803755720815,10.895287958115041,C bollinger
SHRIRAMFIN,2021-11-30,2021-12-14,-0.025485990588188026,-1.1869007162537306,9.857923497267773,C bollinger
SUNPHARMA,2024-04-24,2024-05-15,0.02414394927151956,2.1657901292781885,9.733092876465264,C bollinger
TATACONSUM,2017-05-25,2017-06-14,0.09965478473304659,3.361225555493461,8.093669959751224,C bollinger
TATACONSUM,2018-02-05,2018-02-05,-0.03378121810982647,-1.1339728902146118,3.0745098039215675,C bollinger
TATACONSUM,2018-02-07,2018-02-28,0.015762444616779423,0.21158086338320475,3.710807347287487,C bollinger
TATACONSUM,2018-05-15,2018-05-15,-0.03171713493857295,-1.1444586652522777,6.843840931134795,C bollinger
TATACONSUM,2020-09-25,2020-10-09,-0.05489835324565343,-1.0777376477121043,6.858497836267735,C bollinger
TATACONSUM,2021-10-01,2021-10-01,-0.01158117967166977,-1.539075691418128,11.738671114817937,C bollinger
TATACONSUM,2024-03-28,2024-04-22,0.05597818297975848,2.1040407562773944,11.102049910873417,C bollinger
TATACONSUM,2025-06-19,2025-07-09,0.0260468297622518,2.4607194795578646,10.709570409686517,C bollinger
TATASTEEL,2017-04-19,2017-04-19,-0.011342544079805873,-1.5501244836724852,11.895494131010917,C bollinger
TATASTEEL,2021-09-21,2021-09-21,-0.021394930168342957,-1.2307178549986977,17.17349607672177,C bollinger
TATASTEEL,2021-11-18,2021-11-18,-0.019742772563784546,-1.2550175815660676,16.861277797387874,C bollinger
TATASTEEL,2023-10-25,2023-10-26,-0.021800089491981887,-1.2254323671558778,16.666666666666824,C bollinger
TATASTEEL,2025-11-24,2025-11-24,-0.012316324992710723,-1.4856969987203639,14.44029952348522,C bollinger
TCS,2019-07-11,2019-07-18,-0.03629858313023445,-1.123652322173584,3.837798642744289,C bollinger
TCS,2021-02-23,2021-02-24,-0.01983067998859485,-1.2545693003909375,11.213231819375217,C bollinger
TCS,2023-10-26,2023-10-26,-0.0060752817239704765,-3.207489130951035,10.796396396396453,C bollinger
TCS,2024-03-28,2024-04-19,-0.016428217841299483,-1.3396250739940754,11.435422988675903,C bollinger
TCS,2024-09-24,2024-10-08,-0.015167168357425953,-1.361648062349817,5.206553422454548,C bollinger
TECHM,2019-05-23,2019-05-24,-0.031407741845560694,-1.1463124153493514,9.251090769099138,C bollinger
TECHM,2022-01-25,2022-01-25,-0.01113769116872653,-1.5658582091333118,13.48774791473579,C bollinger
TECHM,2022-01-28,2022-01-28,-0.02484112617999656,-1.1949158060945038,13.530617899695216,C bollinger
TITAN,2017-09-29,2017-09-29,-0.030249530076509604,-1.1527807820048595,8.917088992499563,C bollinger
TITAN,2018-02-07,2018-02-28,0.034997660877318995,0.6710837927094027,4.071183673469401,C bollinger
TITAN,2018-06-06,2018-06-26,0.009392172136148673,1.0342033004030118,12.069540366753948,C bollinger
TITAN,2019-07-10,2019-07-18,-0.040316012141017564,-1.1098016389673133,6.80573624331317,C bollinger
TITAN,2019-11-07,2019-11-11,-0.022931425444625536,-1.214502994640631,14.18424045491474,C bollinger
TITAN,2021-05-05,2021-05-26,0.12084435531438976,10.129046164563034,16.538202787121396,C bollinger
TITAN,2022-01-28,2022-02-17,0.07298445109795255,2.3312980483172616,5.50994483064441,C bollinger
TITAN,2023-10-27,2023-10-30,-0.010021551589570453,-1.7001713957326243,11.196879850360142,C bollinger
TITAN,2024-10-09,2024-10-10,-0.022199679491681546,-1.2261073084827347,9.984920786409681,C bollinger
TRENT,2016-10-27,2016-10-27,-0.013264782801668963,-1.4351951413731048,17.884724409448992,C bollinger
TRENT,2017-05-22,2017-05-24,-0.03732487840934421,-1.1195281321372963,6.502840909090881,C bollinger
TRENT,2022-12-22,2022-12-22,-0.01872214462983694,-1.275959764198343,11.188229111928571,C bollinger
TRENT,2024-11-08,2024-11-11,-0.05334627918193736,-1.104542993397881,6.832127245124731,C bollinger
ULTRACEMCO,2021-10-21,2021-10-25,-0.025418972958738736,-1.189903138967314,11.900646294503085,C bollinger
ULTRACEMCO,2023-01-27,2023-01-27,-0.018784814451205514,-1.2846323721465516,10.297898656915079,C bollinger
WIPRO,2017-10-03,2017-10-24,0.04994469107566452,3.7337855886847584,9.427353738860862,C bollinger
WIPRO,2017-12-06,2017-12-06,-0.0111803335770602,-1.5626670139473078,12.51035781544255,C bollinger
WIPRO,2017-12-08,2017-12-28,0.08729071432643631,6.020818372569412,11.141756548536241,C bollinger
WIPRO,2018-02-08,2018-02-09,-0.01936752016580369,-1.261517599355298,12.49919999999992,C bollinger
WIPRO,2024-03-28,2024-04-15,-0.025945650017091083,-1.3487305015310262,16.172016008789065,C bollinger
ADANIPORTS,2019-01-18,2019-01-28,-0.07004318754887766,-1.059684062628687,2.0,D macd
ADANIPORTS,2022-08-17,2022-09-07,0.052722498498040636,0.6455838392395408,2.0,D macd
ADANIPORTS,2025-11-13,2025-12-03,-0.015966371400345902,-0.23814010693682924,2.0,D macd
APOLLOHOSP,2022-01-06,2022-01-18,-0.055234562448083196,-1.0773175671136488,3.7567868136925098,D macd
APOLLOHOSP,2024-02-13,2024-02-29,-0.08086419199995755,-1.0533161718805808,2.0,D macd
APOLLOHOSP,2024-07-29,2024-08-19,-0.012333139317262612,-0.17131358719382386,2.0,D macd
APOLLOHOSP,2024-09-13,2024-10-04,-0.05234533600826327,-1.0835354433595341,2.0,D macd
ASIANPAINT,2017-04-27,2017-05-18,0.03734772363775304,0.536094482228837,2.0,D macd
ASIANPAINT,2019-02-04,2019-02-22,-0.036462639777542626,-0.5283661472731247,2.0,D macd
ASIANPAINT,2020-02-04,2020-02-25,-0.02792781657336814,-0.39095591547870034,2.0,D macd
ASIANPAINT,2020-10-28,2020-11-17,-0.010100809503466895,-0.14010963846126298,2.0,D macd
ASIANPAINT,2021-07-22,2021-07-30,-0.06121980612146443,-1.0705147697189454,2.0,D macd
ASIANPAINT,2024-09-05,2024-09-25,-0.003110248699847533,-0.0622851613816871,2.0,D macd
AXISBANK,2018-01-18,2018-02-05,-0.08202956226644181,-1.0502367953918188,2.0,D macd
AXISBANK,2021-07-14,2021-07-27,-0.04868775757682063,-1.0894583532190685,2.0,D macd
AXISBANK,2021-08-31,2021-09-21,0.00872496381825658,0.11878950794852573,2.0,D macd
AXISBANK,2023-06-06,2023-06-26,0.005343828608270253,0.11297737997573014,2.0000000000000027,D macd
AXISBANK,2023-11-30,2023-12-20,0.04003901862745358,0.4900373570362321,2.0,D macd
BAJAJ-AUTO,2016-10-30,2016-11-09,-0.055337013296100634,-1.078195523082922,2.2747869217380994,D macd
BAJAJ-AUTO,2023-07-06,2023-07-26,-0.008546182591562652,-0.1277598697701546,2.0,D macd
BAJAJ-AUTO,2023-12-28,2024-01-17,0.06306995866974055,0.8127610299268501,2.0,D macd
BAJAJ-AUTO,2024-02-15,2024-03-05,0.02352183919554265,0.3601025156365517,2.0000000000000018,D macd
BAJAJFINSV,2017-06-19,2017-06-27,-0.048805193183604136,-1.0888703507021216,3.4965054007442986,D macd
BAJAJFINSV,2019-04-02,2019-04-24,0.05644029114198624,1.0880133653113322,2.0,D macd
BAJAJFINSV,2020-01-30,2020-01-31,-0.05272461857298758,-1.0814305038642427,2.0000000000000027,D macd
BAJAJFINSV,2023-07-20,2023-07-28,-0.052377462257773434,-1.0820821569736965,2.0,D macd
BAJFINANCE,2018-06-25,2018-07-13,0.049327211348593886,0.7173583119429727,2.0,D macd
BAJFINANCE,2018-08-30,2018-09-03,-0.08590352110260661,-1.047707992387721,2.0,D macd
BAJFINANCE,2021-09-24,2021-10-14,-0.015463236726611906,-0.18223250634055976,2.0,D macd
BEL,2016-10-30,2016-11-09,-0.053063070299554066,-1.0806611670314872,2.0,D macd
BHARTIARTL,2021-01-08,2021-01-29,0.003250016768261036,0.038173599764692215,2.0,D macd
BHARTIARTL,2022-09-07,2022-09-07,-0.06821228964973973,-1.0616343677216993,2.0,D macd
BHARTIARTL,2024-04-19,2024-05-10,0.011905572149915791,0.14625616860939414,2.0,D macd
CIPLA,2017-02-06,2017-02-27,-0.04551268708873369,-0.5816384345406527,2.0,D macd
CIPLA,2022-09-21,2022-10-12,0.0031076840161804948,0.037403325663084,2.0,D macd
CIPLA,2022-10-27,2022-11-17,-0.047532355152279764,-0.7250000067470457,2.0,D macd
COALINDIA,2016-08-11,2016-09-01,-0.0020357396053468425,-0.0377164787384559,2.0,D macd
COALINDIA,2022-02-10,2022-02-22,-0.0764762339103468,-1.0541333250315912,2.0,D macd
COALINDIA,2023-05-17,2023-06-02,-0.05602242079259324,-1.1219716973251774,2.0,D macd
DRREDDY,2020-02-14,2020-02-25,-0.07333011818352762,-1.056773364440491,2.0,D macd
DRREDDY,2020-11-25,2020-12-16,0.003584598449907603,0.04783605626435767,2.056934073099016,D macd
DRREDDY,2021-05-11,2021-06-01,-0.006131518522609492,-0.09621497367521312,2.0,D macd
DRREDDY,2023-12-29,2024-01-18,-0.035359566880140136,-0.5247288530125456,2.0,D macd
EICHERMOT,2017-05-10,2017-05-30,0.039672438909577584,0.5567028148619743,2.0,D macd
EICHERMOT,2025-06-19,2025-07-09,0.04781133197369104,1.2007359861794347,2.6176323335305596,D macd
EICHERMOT,2025-11-21,2025-12-11,0.013645807876226155,0.19592444524465338,2.0,D macd
ETERNAL,2021-10-19,2021-10-25,-0.08804495935453521,-1.046502015303939,2.0,D macd
ETERNAL,2025-07-15,2025-08-04,0.11117985351719487,1.7569669718436833,2.0,D macd
GRASIM,2016-06-29,2016-07-20,0.08010121720852921,1.4792809528988302,2.0,D macd
GRASIM,2021-07-14,2021-08-04,-0.01759562031748534,-0.22642842324045565,2.0,D macd
GRASIM,2024-04-01,2024-04-23,0.025852408234752284,0.31959398804196265,2.0,D macd
HCLTECH,2019-04-25,2019-05-14,-0.06661627126407765,-1.0630913928505132,2.0,D macd
HCLTECH,2021-09-15,2021-10-05,0.0489484150383016,0.6609098943640533,2.0,D macd
HCLTECH,2022-11-25,2022-12-09,-0.06672220100429685,-1.063097467099003,2.0,D macd
HCLTECH,2023-06-21,2023-07-12,-0.059213771505307836,-0.9344702502738587,2.0,D macd
HCLTECH,2023-12-11,2024-01-01,0.0780602146220316,1.323620558798871,2.0,D macd
HCLTECH,2024-11-25,2024-12-13,0.02126832499160548,0.3530121191928123,2.0,D macd
HDFCBANK,2016-05-27,2016-06-16,-0.022307673716597694,-0.4503196208145873,2.0,D macd
HDFCBANK,2016-09-01,2016-09-23,0.014570868642227874,0.3223926742940266,2.0,D macd
HDFCBANK,2017-02-20,2017-03-14,0.03169680008947063,0.5732121315606855,2.0,D macd
HDFCBANK,2017-04-24,2017-05-15,0.032243966487269085,0.642099567316636,2.0,D macd
HDFCBANK,2017-05-26,2017-06-15,0.031236459192070073,0.6598494136626469,2.0,D macd
HDFCBANK,2017-09-12,2017-10-03,-0.014818649799612279,-0.28224131915827017,2.0,D macd
HDFCBANK,2019-05-21,2019-06-11,-0.0002900969737903193,-0.003985997720899398,2.0,D macd
HDFCBANK,2019-12-19,2020-01-09,-0.03018811330947886,-0.5427598784501877,2.0,D macd
HDFCBANK,2021-07-07,2021-07-19,-0.04541486938723412,-1.0959244653937854,2.0,D macd
HDFCBANK,2021-09-28,2021-10-19,0.030055954198282827,0.4441158718669886,2.0,D macd
HDFCBANK,2022-09-15,2022-09-23,-0.054995731157197046,-1.077673100930248,2.0,D macd
HDFCLIFE,2023-12-13,2023-12-15,-0.06530949195988185,-1.0644645492994544,2.0,D macd
HDFCLIFE,2025-05-02,2025-05-22,0.011733987030413676,0.15571559946933433,2.0,D macd
HINDALCO,2023-09-04,2023-09-25,-0.021761820256463484,-0.25611629095244454,2.0,D macd
HINDALCO,2025-10-06,2025-10-27,0.07036984325016213,1.0133410012993347,2.0,D macd
HINDUNILVR,2017-09-01,2017-09-21,0.028567996954977144,0.6013267317052073,2.0,D macd
HINDUNILVR,2017-11-13,2017-12-01,-0.03878143680933072,-0.6603206293468062,2.0,D macd
HINDUNILVR,2023-07-06,2023-07-21,-0.055922229349427845,-1.0784865840670035,2.0,D macd
HINDUNILVR,2024-08-26,2024-09-13,0.03690779807819475,0.8617334530863919,2.0,D macd
HINDUNILVR,2024-09-23,2024-10-09,-0.06744256552248422,-1.0621487705932604,2.0,D macd
HINDUNILVR,2025-08-04,2025-08-25,0.028468572241016142,0.4455703196484401,2.0,D macd
ICICIBANK,2021-07-26,2021-08-13,0.03180233649915775,0.4342898075132383,2.0,D macd
ICICIBANK,2021-09-01,2021-09-22,-0.03774893989504829,-0.47989263427933,2.0,D macd
INDIGO,2019-09-23,2019-10-15,0.0052359435357374265,0.07905643339349822,2.0,D macd
INDIGO,2023-01-12,2023-02-02,0.00011359162190615962,0.0016792259366064687,2.0,D macd
INFY,2018-01-12,2018-02-02,0.04818916935685486,0.6157068060348796,2.0,D macd
INFY,2018-05-25,2018-06-14,0.0032216551238964932,0.056813221621752306,2.0,D macd
INFY,2018-08-14,2018-09-05,0.027755783972617482,0.46398779921521266,2.0,D macd
INFY,2021-09-27,2021-09-29,-0.06629540373484777,-1.1557645463200592,2.0,D macd
INFY,2022-01-17,2022-01-21,-0.08046144264043113,-1.0517516514215972,2.0,D macd
ITC,2016-08-03,2016-08-24,-0.04190213471981777,-0.7143532884738408,2.0,D macd
ITC,2017-07-03,2017-07-18,-0.15817776648188037,-1.215928198396108,2.0,D macd
ITC,2021-03-18,2021-04-09,-0.004073249577416648,-0.06943230172267587,2.8556655077115067,D macd
ITC,2022-09-06,2022-09-26,0.003303942198548709,0.04836152676514573,2.0,D macd
ITC,2023-05-26,2023-06-15,0.006015584560295016,0.07788504316162109,2.0,D macd
ITC,2023-07-04,2023-07-24,0.009062889383007679,0.17488966232964157,2.0,D macd
JSWSTEEL,2017-08-02,2017-08-23,0.06599201499839301,1.032936410306586,2.0,D macd
JSWSTEEL,2018-01-24,2018-02-06,-0.07877605735637756,-1.052478411174771,2.0,D macd
JSWSTEEL,2018-05-16,2018-05-21,-0.08036195779929499,-1.051424444823015,2.0,D macd
JSWSTEEL,2021-07-13,2021-08-03,0.05581870378570117,1.020397723511283,2.285862758853634,D macd
JSWSTEEL,2022-11-30,2022-12-20,0.011318649136659548,0.17551943902427242,2.0,D macd
JSWSTEEL,2022-12-30,2023-01-19,-0.021253452582635255,-0.29928833251089615,2.0,D macd
JSWSTEEL,2023-08-11,2023-08-25,-0.06336140903131299,-1.0796933687422943,2.0,D macd
JSWSTEEL,2025-08-19,2025-09-09,0.018032081882655714,0.3238548787347944,2.0,D macd
JSWSTEEL,2025-10-30,2025-11-20,-0.03584206983231378,-0.5214657692318344,2.0,D macd
KOTAKBANK,2017-06-23,2017-06-29,-0.0464101379201444,-1.0936078206839839,2.0,D macd
KOTAKBANK,2019-05-20,2019-06-10,0.00320495401351224,0.035698561718890846,2.0,D macd
KOTAKBANK,2023-06-01,2023-06-08,-0.044862920851839766,-1.0972414286103538,2.0,D macd
LT,2017-03-15,2017-04-05,0.08465625134983636,1.266723144810442,2.0,D macd
LT,2017-04-25,2017-05-16,-0.004183334448331398,-0.08232533883513417,2.0,D macd
LT,2018-12-21,2019-01-11,-0.06034412962347908,-0.7636542551140175,2.0,D macd
LT,2022-08-11,2022-09-02,0.03300023419738242,0.47326102392950314,2.0,D macd
LT,2022-09-06,2022-09-26,-0.07163839988433787,-1.0583308383341792,2.0,D macd
LT,2023-07-24,2023-08-11,-0.004256705140351287,-0.04913513453828766,2.0,D macd
LT,2023-09-08,2023-09-29,0.04218141087077816,0.4513045643153539,2.0,D macd
MARUTI,2016-09-06,2016-09-27,0.054726720393255934,0.6723031445453409,2.0,D macd
MARUTI,2017-04-06,2017-04-27,0.0013664859764002768,0.020063410722284125,2.0,D macd
MARUTI,2017-06-12,2017-07-03,-0.0167216438798488,-0.27339675402028213,2.0,D macd
MARUTI,2017-12-08,2017-12-29,0.08693586014845778,1.491653184455614,2.0,D macd
MARUTI,2023-07-06,2023-07-26,-0.02945817764069237,-0.3958622349216652,2.0,D macd
M&M,2018-02-02,2018-02-06,-0.07711336546182945,-1.053879272744853,2.0,D macd
M&M,2023-07-04,2023-07-24,0.03555885556893494,0.4197973374264742,2.0,D macd
NESTLEIND,2018-08-02,2018-08-24,0.04255176989068381,0.5571148531870218,2.0,D macd
NESTLEIND,2019-09-23,2019-10-15,0.023574058217437226,0.2521554073262382,2.0,D macd
NESTLEIND,2020-02-04,2020-02-25,-0.005733138145277846,-0.0713119572335279,2.0,D macd
NESTLEIND,2020-11-23,2020-12-14,0.059980401449574346,0.9614223202659189,2.0,D macd
NESTLEIND,2021-06-17,2021-07-07,-0.015564935847081211,-0.4363592877687019,2.0,D macd
NESTLEIND,2023-12-07,2023-12-28,0.04660049906505652,0.9906661125449827,2.0,D macd
NTPC,2016-08-19,2016-09-09,-0.05717061707440163,-0.8153581540331075,2.0,D macd
NTPC,2017-01-13,2017-02-03,-0.021355722517797354,-0.25502702906127556,2.0,D macd
NTPC,2017-08-03,2017-08-24,-0.021914349184690148,-0.33508866759051387,2.0,D macd
NTPC,2017-10-05,2017-10-24,0.06945478758906098,2.6208430983291118,2.4249801039277226,D macd
NTPC,2023-01-31,2023-02-03,-0.04329199284005808,-1.1012192837164614,2.3188405797101495,D macd
NTPC,2023-06-30,2023-07-20,0.020889082931723573,0.6989490542315602,2.0,D macd
NTPC,2024-03-05,2024-03-13,-0.07852209378890602,-1.0526676746173818,2.0,D macd
NTPC,2026-02-24,2026-03-17,0.017772110380170514,0.43143152813815633,2.0,D macd
ONGC,2016-09-09,2016-09-30,0.0343724620636853,0.6396385678012854,2.0,D macd
ONGC,2017-12-14,2018-01-04,0.06807023043608303,1.0912532975629212,2.2783951779996223,D macd
ONGC,2018-01-24,2018-02-02,-0.0922755143445491,-1.044164122333155,2.0,D macd
ONGC,2023-01-20,2023-01-30,-0.050047398249117726,-1.0860791322086725,2.0,D macd
ONGC,2023-08-11,2023-09-01,0.01133463409108406,0.18612837527965126,2.0,D macd
POWERGRID,2016-06-30,2016-07-21,0.011075715384521548,0.1710896007517458,2.0,D macd
POWERGRID,2017-08-01,2017-08-22,-0.023688531621281567,-0.41415049385311153,2.000000000000002,D macd
POWERGRID,2019-07-26,2019-08-05,-0.059455621295698584,-1.0711786244844697,2.0,D macd
POWERGRID,2022-09-16,2022-09-22,-0.07902172956722246,-1.052276608605685,2.0,D macd
POWERGRID,2023-12-06,2023-12-27,0.030950357280063488,0.36448434916033484,2.0,D macd
RELIANCE,2016-08-30,2016-09-21,0.0050997794006223075,0.08682388135692921,2.0,D macd
RELIANCE,2017-06-15,2017-07-06,0.05594555294320054,1.3118957978220351,2.0066781341697895,D macd
RELIANCE,2018-01-23,2018-02-02,-0.07818753833563699,-1.0529112179112035,2.0,D macd
RELIANCE,2024-01-12,2024-02-02,0.06712076144896506,1.124489096543046,2.0,D macd
RELIANCE,2025-06-27,2025-07-17,-0.019886686549550614,-0.3252147109818965,2.0,D macd
SBILIFE,2021-07-27,2021-08-16,0.03274764694430971,0.39306659256786347,2.0,D macd
SBILIFE,2021-08-30,2021-09-20,-0.014596544979852542,-0.17977727236266147,2.0,D macd
SBILIFE,2023-08-09,2023-08-30,-0.05229675195342238,-0.5834248563847256,2.0,D macd
SBIN,2017-05-05,2017-05-25,-0.040623831683702274,-0.5201978344099222,2.0,D macd
SBIN,2017-06-21,2017-06-27,-0.03222463177660316,-1.141417320563312,2.555595798623691,D macd
SBIN,2019-01-09,2019-01-25,-0.07161262571989857,-1.0583009109246007,2.0,D macd
SBIN,2021-01-13,2021-01-28,-0.08976222398040049,-1.0455145240359456,2.0,D macd
SHRIRAMFIN,2018-04-25,2018-05-02,-0.06322941639755111,-1.0665616593864151,2.0,D macd
SHRIRAMFIN,2023-06-20,2023-06-21,0.17245586948918432,2.703456483846708,2.0,D macd
SHRIRAMFIN,2023-09-11,2023-10-03,-0.029724589272678223,-0.4265162264047505,2.0,D macd
SHRIRAMFIN,2023-12-15,2024-01-05,0.02152539007252113,0.2935251339869061,2.0,D macd
SHRIRAMFIN,2024-09-13,2024-10-04,-0.023118124198906145,-0.3222881750464994,2.0,D macd
SUNPHARMA,2020-08-31,2020-08-31,-0.08086066523644682,-1.051076777110847,2.0,D macd
SUNPHARMA,2021-09-30,2021-10-21,-0.00016073875651042253,-0.0019176316840091895,2.0,D macd
SUNPHARMA,2024-01-03,2024-01-23,0.05856891918706481,0.8108590709386354,2.0,D macd
TATACONSUM,2017-05-03,2017-05-23,-0.08159028925030312,-1.0504917360993749,2.0,D macd
TATACONSUM,2019-12-16,2019-12-18,-0.07062562991173661,-1.0590064148767053,2.0,D macd
TATACONSUM,2021-01-12,2021-01-18,-0.08307615732212854,-1.049591304169199,2.0,D macd
TATACONSUM,2021-08-16,2021-09-06,0.07277597640005763,0.9703127716540468,2.0,D macd
TATACONSUM,2022-09-14,2022-09-16,-0.053680731861925714,-1.0800968739683645,2.0,D macd
TATACONSUM,2023-06-08,2023-06-28,0.03187556006336585,0.4161584074785856,2.0,D macd
TATACONSUM,2025-10-20,2025-11-11,-0.013706817431349093,-0.24776982896768265,2.0,D macd
TATASTEEL,2017-06-30,2017-07-20,0.03792637057270186,0.5340517242123609,2.0,D macd
TATASTEEL,2017-09-13,2017-09-25,-0.08161814754680614,-1.0504263434447108,2.0,D macd
TATASTEEL,2022-04-07,2022-04-21,-0.06675715940668711,-1.0627840191788807,2.0,D macd
TATASTEEL,2024-03-02,2024-03-14,-0.09322394767268435,-1.0436634880619022,2.0,D macd
TATASTEEL,2025-10-10,2025-10-31,0.034186747159278524,0.5576516908237974,2.0,D macd
TATASTEEL,2026-02-26,2026-03-04,-0.08220010847183243,-1.0501231649508627,2.0,D macd
TCS,2018-08-24,2018-09-14,0.01023192141444302,0.26053274523976094,2.0,D macd
TCS,2019-04-16,2019-05-10,0.0028786258244478656,0.04846930748894506,2.0,D macd
TCS,2023-10-10,2023-10-19,-0.05342967325289214,-1.0808952912246392,2.0,D macd
TECHM,2018-03-15,2018-04-06,-0.041043665954442865,-0.6088482556514875,2.0,D macd
TECHM,2024-03-15,2024-03-22,-0.04241009175704135,-1.1037784367495036,2.4844657741854035,D macd
TITAN,2019-02-01,2019-02-21,0.03466487925745207,0.5517149666450394,2.0,D macd
TITAN,2021-09-01,2021-09-22,0.07607508523747752,1.0539922992839343,2.0,D macd
TITAN,2023-06-30,2023-07-20,-0.023203905730373675,-0.4448922852549897,2.0,D macd
TITAN,2023-12-29,2024-01-18,0.0007112550787521047,0.012394289492567412,2.000000000000002,D macd
TRENT,2020-08-14,2020-09-03,0.13844118483999626,2.454333640176624,3.5615989199093536,D macd
TRENT,2021-01-11,2021-01-15,-0.08734477462275923,-1.047090224164724,2.2306491501938175,D macd
TRENT,2023-04-21,2023-04-28,-0.05604098276754495,-1.076032342647327,2.0,D macd
ULTRACEMCO,2016-08-22,2016-09-12,-0.018593246285346907,-0.2532309716319896,2.0,D macd
ULTRACEMCO,2017-03-15,2017-04-05,0.014103735214295908,0.18578903460105362,2.0,D macd
ULTRACEMCO,2017-04-26,2017-05-17,0.05023223064275556,0.6332970554357266,2.0,D macd
ULTRACEMCO,2022-12-01,2022-12-21,-0.025559036016329525,-0.4610181325790504,2.0,D macd
ULTRACEMCO,2023-12-01,2023-12-21,0.0886353918438255,1.355029687412131,2.0,D macd
ULTRACEMCO,2025-08-19,2025-09-09,-0.02151289045958532,-0.3830543804532507,2.0,D macd
WIPRO,2023-09-05,2023-09-26,-0.05689693594978402,-0.7940511270874042,2.0,D macd
ADANIENT,2017-09-18,2017-09-21,-0.055278375613173496,-1.0771530172420203,2.4067881709092815,E checklist
ADANIENT,2018-09-04,2018-09-06,-0.05970091622244867,-1.0709575049009785,2.339415730337084,E checklist
ADANIENT,2019-06-10,2019-06-18,-0.055771495488679435,-1.0763850321609794,4.109643658111158,E checklist
ADANIENT,2021-08-13,2021-08-23,-0.044025132500453056,-1.1005847096537515,4.978140748302614,E checklist
ADANIENT,2022-09-28,2022-09-29,-0.026088134620133915,-1.1855959142431196,3.0420882436284264,E checklist
ADANIENT,2022-10-28,2022-11-07,0.17510470180568333,2.7924564077903633,2.6656126616601408,E checklist
ADANIENT,2022-11-24,2022-11-24,-0.024258496008863206,-1.2052063054399356,2.7445255474452495,E checklist
ADANIENT,2022-12-21,2022-12-21,-0.0655588317837734,-1.0645499039017334,2.0,E checklist
ADANIENT,2023-08-01,2023-08-22,0.0721994709665817,1.4517618106530847,2.409111030624983,E checklist
ADANIENT,2023-12-21,2024-01-03,0.1419203566130363,13.629534015969199,6.0601071360803624,E checklist
ADANIENT,2024-02-27,2024-03-13,-0.08453346812754746,-1.050624762654064,2.0,E checklist
ADANIENT,2024-08-13,2024-09-03,-0.04670238637029982,-0.7425344671255198,3.2912405028113203,E checklist
ADANIENT,2025-06-11,2025-06-19,-0.08136259808604497,-1.0512249290440447,2.0,E checklist
ADANIPORTS,2016-08-01,2016-08-22,0.14251415479499574,1.6779757178014076,2.0000000000000018,E checklist
ADANIPORTS,2017-07-31,2017-08-21,-0.054994802486944126,-0.9134594718963591,2.0,E checklist
ADANIPORTS,2018-01-04,2018-01-24,0.08561720684489368,2.094205660369749,2.301590961494125,E checklist
ADANIPORTS,2018-04-24,2018-05-15,0.05180730225706907,0.9665519000589687,3.3491912464319675,E checklist
ADANIPORTS,2021-01-28,2021-02-08,0.10233441052579845,2.9956687103301474,2.124549128677586,E checklist
ADANIPORTS,2021-05-12,2021-06-02,0.05879146804313367,0.7846100304587945,2.1631963628901163,E checklist
ADANIPORTS,2022-08-17,2022-09-07,0.052722498498040636,0.6455838392395408,2.0,E checklist
ADANIPORTS,2022-11-02,2022-11-23,0.02312027784508908,0.3010039093991332,2.5713028169014116,E checklist
ADANIPORTS,2022-12-12,2022-12-16,-0.030034888039645095,-1.1545306185114848,4.514404317144024,E checklist
ADANIPORTS,2023-12-21,2024-01-03,0.10502263102000402,6.344828364563856,2.8181108508977415,E checklist
ADANIPORTS,2024-02-19,2024-03-07,0.004558005856882546,0.061945713494814335,2.0,E checklist
ADANIPORTS,2025-11-13,2025-12-03,-0.015966371400345902,-0.23814010693682924,2.0,E checklist
APOLLOHOSP,2016-04-21,2016-04-25,-0.05723546350377159,-1.0747053781500362,2.684531280717404,E checklist
APOLLOHOSP,2019-04-15,2019-04-30,-0.046134567792461174,-1.0950677193416192,2.6324100093670584,E checklist
APOLLOHOSP,2021-07-20,2021-08-10,0.039592626979274584,0.6108328248614044,2.0,E checklist
APOLLOHOSP,2022-01-10,2022-01-18,-0.06375085625243404,-1.070522464963455,3.0739483377096244,E checklist
APOLLOHOSP,2022-08-16,2022-08-19,-0.04853272985647891,-1.0938337816962196,2.0338369841251414,E checklist
APOLLOHOSP,2023-07-31,2023-08-01,-0.053724843336399625,-1.0830857241448766,2.0,E checklist
APOLLOHOSP,2023-10-09,2023-10-12,-0.01882871387543905,-1.2937987500377,2.3245167505961657,E checklist
APOLLOHOSP,2024-02-13,2024-02-29,-0.08086419199995755,-1.0533161718805808,2.0,E checklist
APOLLOHOSP,2024-04-18,2024-04-18,-0.027094506248256763,-1.1859826656162558,3.177058641115522,E checklist
APOLLOHOSP,2024-09-13,2024-10-04,-0.05234533600826327,-1.0835354433595341,2.0,E checklist
ASIANPAINT,2016-05-27,2016-06-16,0.010172452952791466,0.14429586743949607,2.0000000000000018,E checklist
ASIANPAINT,2016-09-19,2016-10-07,0.03016082415811062,1.2590300097858211,2.335901167950577,E checklist
ASIANPAINT,2017-03-15,2017-04-05,0.009037099127289476,0.12730260572498994,2.0,E checklist
ASIANPAINT,2018-07-24,2018-08-13,-0.03479397054137391,-0.47638333084666507,2.0,E checklist
ASIANPAINT,2018-11-29,2018-12-06,-0.03564735355088183,-1.1268748925421603,3.187114093959728,E checklist
ASIANPAINT,2019-02-04,2019-02-22,-0.036462639777542626,-0.5283661472731247,2.0,E checklist
ASIANPAINT,2020-02-04,2020-02-25,-0.02792781657336814,-0.39095591547870034,2.0,E checklist
ASIANPAINT,2020-10-28,2020-11-17,-0.010100809503466895,-0.14010963846126298,2.0,E checklist
ASIANPAINT,2021-01-13,2021-01-14,-0.03858398129871928,-1.1187770874555698,2.802566116784488,E checklist
ASIANPAINT,2021-03-17,2021-04-08,0.07266537242859909,1.3240274445272648,2.8378342856785235,E checklist
ASIANPAINT,2021-06-01,2021-06-21,0.030249309021840705,0.43567392266910415,2.0,E checklist
ASIANPAINT,2021-06-30,2021-07-20,0.03273495923232959,2.311224627277295,2.0967722102674466,E checklist
ASIANPAINT,2021-08-18,2021-09-01,0.04819590041951746,1.3515230524678352,2.198152110251846,E checklist
ASIANPAINT,2021-09-20,2021-09-20,-0.013960470513672035,-1.4062416173259287,2.6707647426547085,E checklist
ASIANPAINT,2021-12-03,2021-12-06,-0.045906765868556514,-1.096283628947272,2.5411461903229884,E checklist
ASIANPAINT,2022-12-01,2022-12-19,-0.05039227851607482,-1.086745387287621,3.1166101371040895,E checklist
ASIANPAINT,2023-06-02,2023-06-22,-0.001910660111126586,-0.029972025970812215,2.0,E checklist
ASIANPAINT,2023-09-14,2023-09-21,-0.034218304212157435,-1.1327107324562424,3.1055236057242177,E checklist
ASIANPAINT,2023-09-25,2023-09-28,-0.03609877356888468,-1.1249715051152902,2.762006511150561,E checklist
ASIANPAINT,2024-08-23,2024-09-12,0.05576807516868413,0.7379017087308835,2.0,E checklist
ASIANPAINT,2025-11-07,2025-11-27,0.09928958245233108,1.8918733111047752,2.0,E checklist
AXISBANK,2017-02-22,2017-03-16,0.005535502953266661,0.08808040661312636,2.0,E checklist
AXISBANK,2021-05-18,2021-06-07,0.03848382163549217,0.6364190215437688,2.759946184893325,E checklist
AXISBANK,2021-06-28,2021-07-16,0.004060207891936876,0.06428227580906833,2.0,E checklist
AXISBANK,2021-08-31,2021-09-21,0.00872496381825658,0.11878950794852573,2.0,E checklist
AXISBANK,2023-04-06,2023-04-28,-0.00664556545763772,-0.14238896481051783,2.6830848995463352,E checklist
AXISBANK,2023-06-01,2023-06-05,0.01536303658679659,0.8368333824704303,2.657500238709061,E checklist
AXISBANK,2023-12-21,2023-12-21,-0.011257256189218532,-1.5581289441464234,3.016639689219834,E checklist
AXISBANK,2024-07-15,2024-07-24,-0.06945280597912414,-1.0608089415706201,2.0,E checklist
AXISBANK,2024-09-04,2024-09-06,-0.025749415429552263,-1.185045094741097,4.346649889902516,E checklist
AXISBANK,2024-09-11,2024-10-01,0.028562123212452026,0.72231455911477,3.28208676931357,E checklist
AXISBANK,2024-12-06,2024-12-13,-0.043970037548930176,-1.100354644266069,2.557305596830105,E checklist
AXISBANK,2025-10-21,2025-11-12,-0.007973011698668334,-0.1398061105961645,2.0,E checklist
AXISBANK,2025-12-03,2025-12-16,-0.008636677191588837,-1.8952379994710529,5.676509475539826,E checklist
BAJAJ-AUTO,2016-10-30,2016-11-09,-0.055337013296100634,-1.078195523082922,2.2747869217380994,E checklist
BAJAJ-AUTO,2017-01-20,2017-01-27,0.06446153268529126,7.916003327634599,6.69003518555397,E checklist
BAJAJ-AUTO,2017-07-28,2017-08-11,-0.02385538571508076,-1.207141842980233,2.4508279824264982,E checklist
BAJAJ-AUTO,2017-10-18,2017-11-08,-0.023237793901454435,-0.4657176789964128,2.0,E checklist
BAJAJ-AUTO,2019-09-23,2019-10-15,0.014272220271770487,0.1645655198811853,2.0,E checklist
BAJAJ-AUTO,2020-02-17,2020-02-18,-0.03237368602079392,-1.2118005498176014,2.2009246212429923,E checklist
BAJAJ-AUTO,2020-07-21,2020-08-10,-0.011677830952803978,-0.15932211550305445,2.0,E checklist
BAJAJ-AUTO,2020-10-23,2020-10-26,-0.03469775467885171,-1.1347254775017803,2.2625963483480342,E checklist
BAJAJ-AUTO,2021-04-26,2021-05-17,0.04474506689792915,0.6255469733515926,2.7294557134872366,E checklist
BAJAJ-AUTO,2021-09-20,2021-10-08,-0.004134280706988865,-0.10534731698563074,2.788684614946786,E checklist
BAJAJ-AUTO,2022-04-05,2022-04-27,0.03250539527117603,0.5458874485826266,2.000000000000002,E checklist
BAJAJ-AUTO,2023-05-22,2023-05-25,0.024999289625593703,2.210417527787536,3.9420990309563146,E checklist
BAJAJ-AUTO,2023-07-06,2023-07-26,-0.008546182591562652,-0.1277598697701546,2.0,E checklist
BAJAJ-AUTO,2023-11-16,2023-12-07,0.0972418213481337,2.0682715522316824,2.0,E checklist
BAJAJ-AUTO,2023-12-13,2024-01-03,0.10088961989452888,1.9818759083998019,2.0,E checklist
BAJAJ-AUTO,2024-02-15,2024-03-05,0.02352183919554265,0.3601025156365517,2.0000000000000018,E checklist
BAJAJ-AUTO,2025-06-02,2025-06-02,-0.026229939710146383,-1.1912682103978187,2.333333333333344,E checklist
BAJAJ-AUTO,2025-09-02,2025-09-22,0.004701731461665601,0.06789100885152634,2.0,E checklist
BAJAJFINSV,2016-09-19,2016-09-21,0.08206425683031235,3.1314161660877877,4.550602882959081,E checklist
BAJAJFINSV,2016-12-06,2016-12-13,-0.06434244207877712,-1.065514268827563,2.4301160618351103,E checklist
BAJAJFINSV,2017-01-19,2017-02-02,0.14230116237421714,3.695711296699457,3.3534370767572277,E checklist
BAJAJFINSV,2017-06-19,2017-06-27,-0.048805193183604136,-1.0888703507021216,3.4965054007442986,E checklist
BAJAJFINSV,2017-07-13,2017-07-21,0.11572624367293934,1.9949377917770819,2.574240992999214,E checklist
BAJAJFINSV,2017-08-14,2017-08-24,0.0832584624517625,2.339335228740473,4.206313651703868,E checklist
BAJAJFINSV,2017-09-12,2017-09-22,-0.086617720657088,-1.0475260224519543,2.0,E checklist
BAJAJFINSV,2017-11-20,2017-12-08,-0.010662114927469596,-0.16205724639170774,2.1268962819354855,E checklist
BAJAJFINSV,2018-11-30,2018-12-20,0.05921957551909663,0.7417703529011475,2.1955440650901066,E checklist
BAJAJFINSV,2019-04-02,2019-04-24,0.05644029114198624,1.0880133653113322,2.0,E checklist
BAJAJFINSV,2019-05-02,2019-05-08,-0.01867723191524928,-1.276201581470521,2.157946625871154,E checklist
BAJAJFINSV,2019-10-17,2019-10-25,-0.028224555180310973,-1.1664061813226059,3.072816680183552,E checklist
BAJAJFINSV,2019-12-30,2020-01-06,-0.039521989266049745,-1.1130101312452838,2.0,E checklist
BAJAJFINSV,2020-01-15,2020-02-01,-0.06916508018553208,-1.0606293402296403,2.0,E checklist
BAJAJFINSV,2021-06-24,2021-07-14,0.052952124786460074,0.7455066528232932,2.0,E checklist
BAJAJFINSV,2022-11-01,2022-11-22,-0.03323834423695064,-0.6867109534956696,2.039823575277265,E checklist
BAJAJFINSV,2023-09-07,2023-09-28,0.005156566598524563,0.11803270603918463,2.470031118928428,E checklist
BAJAJFINSV,2023-12-05,2023-12-26,-0.034542620997227574,-0.49392833594392155,2.0,E checklist
BAJFINANCE,2016-04-27,2016-05-02,-0.03543568767796029,-1.1268268294616055,2.388175430094499,E checklist
BAJFINANCE,2016-07-26,2016-08-01,0.12060590599345154,1.7535238283908436,2.0,E checklist
BAJFINANCE,2018-04-23,2018-05-10,-0.02607078207307754,-1.1815439626815833,2.130222841225642,E checklist
BAJFINANCE,2018-06-25,2018-07-13,0.049327211348593886,0.7173583119429727,2.0,E checklist
BAJFINANCE,2018-08-30,2018-09-03,-0.08590352110260661,-1.047707992387721,2.0,E checklist
BAJFINANCE,2018-11-29,2018-12-19,0.06171347697675523,0.8024566542483434,3.544311514135486,E checklist
BAJFINANCE,2019-06-28,2019-07-08,-0.062150482629497905,-1.067826536838992,2.0,E checklist
BAJFINANCE,2020-10-15,2020-10-16,-0.05478124493807212,-1.077874826320038,2.1743214494928225,E checklist
BAJFINANCE,2021-09-24,2021-10-14,-0.015463236726611906,-0.18223250634055976,2.0,E checklist
BAJFINANCE,2022-08-18,2022-08-23,-0.06278705636207943,-1.0670673862025668,2.0,E checklist
BAJFINANCE,2023-07-19,2023-07-27,-0.01996333071387613,-1.2521958431084694,6.2240110395583725,E checklist
BEL,2016-10-30,2016-11-09,-0.053063070299554066,-1.0806611670314872,2.0,E checklist
BEL,2017-04-03,2017-04-10,0.055155559838082936,1.1957123427667666,2.012670565302148,E checklist
BEL,2022-01-11,2022-01-24,-0.03897671666848832,-1.113817009419793,2.4022798860056964,E checklist
BEL,2022-03-21,2022-04-07,0.09285907983720056,2.1194943370333816,2.008305020762552,E checklist
BEL,2023-06-06,2023-06-26,0.039602603231099,0.4798426041754295,2.0,E checklist
BEL,2023-07-31,2023-08-02,-0.05215690164433789,-1.0822134720771805,2.0,E checklist
BEL,2023-08-23,2023-09-12,-0.003051080786151505,-0.050416319696140154,2.0,E checklist
BEL,2023-09-14,2023-10-06,0.0026847546059652655,0.054035608486292706,2.429174664107484,E checklist
BEL,2024-03-13,2024-03-13,-0.03354986622529562,-1.135303372450228,2.0600908691191586,E checklist
BEL,2025-11-03,2025-11-24,-0.06427758089573506,-1.0653699587681513,2.0,E checklist
BHARTIARTL,2017-03-01,2017-03-17,-0.05680053746695232,-1.0749098959471848,2.2511757533530803,E checklist
BHARTIARTL,2017-04-12,2017-04-19,-0.04215032799345444,-1.1045335540973273,3.117883855275156,E checklist
BHARTIARTL,2017-04-26,2017-05-17,0.057390567209322126,0.8624584608549387,2.008339888519541,E checklist
BHARTIARTL,2017-08-24,2017-09-05,-0.07734829780025515,-1.0536340071706005,2.0,E checklist
BHARTIARTL,2021-04-29,2021-05-20,-0.05721339669995023,-0.9226856654140085,2.7631402456550465,E checklist
BHARTIARTL,2022-01-05,2022-01-25,0.011008061353807743,0.20553400142701,2.4943102310230962,E checklist
BHARTIARTL,2022-02-10,2022-02-14,-0.044240647570306185,-1.0991021894916648,2.478262410091052,E checklist
BHARTIARTL,2022-09-07,2022-09-07,-0.06821228964973973,-1.0616343677216993,2.0,E checklist
BHARTIARTL,2024-02-07,2024-02-22,-0.037214020515868994,-1.1204742356178794,2.044064452482744,E checklist
BHARTIARTL,2024-04-19,2024-05-10,0.011905572149915791,0.14625616860939414,2.0,E checklist
BHARTIARTL,2024-10-04,2024-10-04,-0.023068490812877946,-1.2148868436416673,3.073419301164723,E checklist
BHARTIARTL,2024-12-10,2024-12-31,-0.018684311771745524,-0.42838241168963975,2.8650294296732364,E checklist
BHARTIARTL,2025-09-12,2025-10-01,-0.03658023240152619,-1.1240221443302896,2.665806359106716,E checklist
CIPLA,2016-09-21,2016-10-13,-0.03901430748800407,-0.5342830227921286,2.0,E checklist
CIPLA,2016-12-14,2016-12-15,-0.03611212304880319,-1.1247941098071246,2.1414756271169777,E checklist
CIPLA,2020-12-02,2020-12-22,0.044083660729737045,0.9279218025422356,2.205232682822218,E checklist
CIPLA,2022-03-29,2022-04-19,-0.030447766960624272,-1.1517956496573873,2.814413727359391,E checklist
CIPLA,2022-09-21,2022-10-12,0.0031076840161804948,0.037403325663084,2.0,E checklist
CIPLA,2022-10-27,2022-11-17,-0.047532355152279764,-0.7250000067470457,2.0,E checklist
CIPLA,2024-02-20,2024-03-11,0.015102100631138479,0.3020652635689423,2.0,E checklist
CIPLA,2025-06-23,2025-07-10,-0.021938186377128552,-1.2282598856031275,2.724883657267994,E checklist
CIPLA,2026-01-06,2026-01-07,-0.03641470077250996,-1.1246630613336621,3.1553937254036613,E checklist
COALINDIA,2016-07-21,2016-08-10,0.019457500285767596,0.29227150635014265,2.0,E checklist
COALINDIA,2016-08-25,2016-08-25,-0.019795984534527463,-1.2548827670912273,3.5006837272904887,E checklist
COALINDIA,2017-02-01,2017-02-21,0.02631219552735028,0.8490184829632054,3.240193555029347,E checklist
COALINDIA,2018-04-27,2018-05-03,-0.04490979452836122,-1.1256541034973608,2.134849478824983,E checklist
COALINDIA,2021-08-09,2021-08-17,-0.05276287299494982,-1.0811978187750653,3.2930927193528405,E checklist
COALINDIA,2022-01-07,2022-01-28,0.03821153283828578,0.4864207182637963,3.9366042314400573,E checklist
COALINDIA,2022-02-10,2022-02-22,-0.0764762339103468,-1.0541333250315912,2.0,E checklist
COALINDIA,2023-01-20,2023-02-10,-0.0636958772057522,-0.9536145765883075,2.81032947462155,E checklist
COALINDIA,2023-05-17,2023-06-02,-0.05602242079259324,-1.1219716973251774,2.0,E checklist
COALINDIA,2023-07-03,2023-07-21,-0.015299259904244357,-0.39284437157214364,2.00742390497402,E checklist
COALINDIA,2023-11-02,2023-11-09,0.035215382087631364,1.3599179828604588,2.355056179775285,E checklist
COALINDIA,2024-07-03,2024-07-24,0.020066298221163757,0.4165078803771816,2.388238929848565,E checklist
COALINDIA,2025-09-25,2025-09-26,-0.011617423923984176,-1.5316002423841353,2.6786248131539296,E checklist
DRREDDY,2016-09-27,2016-09-29,-0.02771421868575637,-1.169940483195718,6.213279313739925,E checklist
DRREDDY,2018-06-28,2018-06-29,-0.03197009579801543,-1.1431200563375905,2.0027652318186067,E checklist
DRREDDY,2019-01-22,2019-02-01,0.05787792308803586,2.5079058806543877,2.5231886449909107,E checklist
DRREDDY,2019-03-13,2019-04-03,0.03369841158183882,0.8961586809761933,2.0527046732865752,E checklist
DRREDDY,2019-07-12,2019-08-01,-0.051783409974777296,-1.0831822948593015,2.3812597434564977,E checklist
DRREDDY,2019-09-23,2019-10-01,-0.0680125683003036,-1.0617778039100827,2.0,E checklist
DRREDDY,2020-02-14,2020-02-25,-0.07333011818352762,-1.056773364440491,2.0,E checklist
DRREDDY,2020-11-25,2020-12-16,0.003584598449907603,0.04783605626435767,2.056934073099016,E checklist
DRREDDY,2021-05-11,2021-06-01,-0.006131518522609492,-0.09621497367521312,2.0,E checklist
DRREDDY,2021-06-14,2021-07-02,0.01786217918068022,0.2963800227978423,2.0,E checklist
DRREDDY,2021-10-07,2021-10-21,-0.058312613763925235,-1.0728141736318446,2.316649232665107,E checklist
DRREDDY,2023-04-06,2023-04-28,0.04550056665624168,0.7034535710340871,2.0,E checklist
DRREDDY,2023-07-07,2023-07-27,0.04820697898479397,0.690506338336317,2.0,E checklist
DRREDDY,2023-10-12,2023-10-26,-0.039699392410377315,-1.1129123488998895,2.150965029619726,E checklist
DRREDDY,2023-12-29,2024-01-18,-0.035359566880140136,-0.5247288530125456,2.0,E checklist
DRREDDY,2024-07-15,2024-08-05,0.004613001049147319,0.06204378829194464,2.0,E checklist
DRREDDY,2024-10-17,2024-10-25,-0.03798892089235866,-1.1175872310043415,2.0602771244740707,E checklist
DRREDDY,2025-06-27,2025-06-30,-0.02964357633824448,-1.1573364894505689,2.23462461432979,E checklist
DRREDDY,2025-09-04,2025-09-24,0.019081442566257968,0.6614537810932912,3.8879697471047083,E checklist
EICHERMOT,2017-01-18,2017-02-08,0.06479119866118918,3.2324991123828317,8.152621284332843,E checklist
EICHERMOT,2017-05-09,2017-05-29,0.03928506351647106,0.5868606204160398,2.0,E checklist
EICHERMOT,2017-06-19,2017-06-20,-0.021077205388089264,-1.2386220447046365,3.615810034014431,E checklist
EICHERMOT,2017-07-18,2017-08-01,0.06512935842260452,2.204970825354519,2.7325975731676193,E checklist
EICHERMOT,2017-09-18,2017-09-22,-0.03141992231672079,-1.1475892616579373,2.0608309124636777,E checklist
EICHERMOT,2017-10-25,2017-11-03,-0.027472004761409725,-1.174239328856474,2.751784848537058,E checklist
EICHERMOT,2018-04-30,2018-05-02,-0.04457725120211608,-1.0996732851213884,2.0,E checklist
EICHERMOT,2021-03-19,2021-04-05,-0.0485688771484447,-1.089942062709696,2.7114448236632542,E checklist
EICHERMOT,2023-02-02,2023-02-22,-0.00922974597378903,-0.1608094089989829,2.179881034853444,E checklist
EICHERMOT,2023-05-03,2023-05-23,0.06445462058359587,0.9421195870966814,2.0,E checklist
EICHERMOT,2023-08-10,2023-08-31,-0.026681287413068053,-0.6051178558659087,2.241122565864835,E checklist
EICHERMOT,2023-09-04,2023-09-25,-0.01724823872928438,-0.4533958929694061,3.414903932483394,E checklist
EICHERMOT,2025-05-02,2025-05-02,-0.021453983788021543,-1.2371399023139034,3.366624167729155,E checklist
EICHERMOT,2025-05-07,2025-05-09,-0.034861107130941316,-1.5242500236968561,2.212846703540713,E checklist
EICHERMOT,2025-06-19,2025-07-09,0.04781133197369104,1.2007359861794347,2.6176323335305596,E checklist
EICHERMOT,2025-09-02,2025-09-22,0.09555332934508429,1.1648251856239935,2.0,E checklist
EICHERMOT,2025-11-21,2025-12-11,0.013645807876226155,0.19592444524465338,2.0,E checklist
ETERNAL,2021-10-19,2021-10-25,-0.08804495935453521,-1.046502015303939,2.0,E checklist
ETERNAL,2023-08-23,2023-09-12,0.057637745452234164,0.9210721606266723,2.313962264150939,E checklist
ETERNAL,2023-09-18,2023-10-10,0.019027581443935685,0.24847244621600176,2.0,E checklist
ETERNAL,2025-07-15,2025-08-04,0.11117985351719487,1.7569669718436833,2.0,E checklist
ETERNAL,2025-10-10,2025-10-31,-0.07542940727246845,-1.0550223465357498,2.0,E checklist
ETERNAL,2026-01-14,2026-01-20,-0.06848144737420951,-1.0610964462638688,3.549380333633517,E checklist
GRASIM,2016-09-07,2016-09-28,0.036532574727013246,0.7004845822087872,2.56964437638251,E checklist
GRASIM,2016-10-21,2016-10-27,-0.030750185642783187,-1.149493686871503,3.819482288828327,E checklist
GRASIM,2017-04-10,2017-04-20,0.03468050740951677,1.5654205248637552,2.2598571050542637,E checklist
GRASIM,2018-01-05,2018-01-25,0.009243062246371465,0.17928402630516943,2.4106206438765403,E checklist
GRASIM,2018-05-14,2018-05-18,-0.04329366864785666,-1.1014208314049532,2.3730707041011367,E checklist
GRASIM,2019-04-01,2019-04-23,-0.002488319355531929,-0.03230006984736369,2.0,E checklist
GRASIM,2020-11-06,2020-11-26,0.07970762762163357,1.322341122413397,2.0,E checklist
GRASIM,2021-07-07,2021-07-07,-0.017120912062359,-1.3067672190500628,2.3544325192259024,E checklist
GRASIM,2022-10-20,2022-11-11,0.010199998677215752,0.2727181491166966,2.088559633546344,E checklist
GRASIM,2024-04-01,2024-04-23,0.025852408234752284,0.31959398804196265,2.0,E checklist
GRASIM,2025-05-16,2025-05-27,-0.08632064150022417,-1.0483374355590422,2.0,E checklist
HCLTECH,2016-08-17,2016-08-22,-0.022786508409346946,-1.2143887058686005,3.93239053807277,E checklist
HCLTECH,2016-09-30,2016-10-24,0.012539353391243029,0.3675117233798525,3.2250307419046496,E checklist
HCLTECH,2017-07-12,2017-07-28,0.029642191870179906,0.9706963290353162,2.2540428321678303,E checklist
HCLTECH,2017-12-20,2018-01-10,0.04797036947305987,1.4184085005397318,2.6075388026607453,E checklist
HCLTECH,2018-03-08,2018-03-23,-0.054738660116788664,-1.0899482322636744,2.0692809185560015,E checklist
HCLTECH,2018-04-12,2018-04-20,0.07862241599048024,2.4211263004254926,2.41808148906381,E checklist
HCLTECH,2018-06-15,2018-07-05,-0.01080809291797056,-0.16222813021150195,2.7549644492510144,E checklist
HCLTECH,2018-07-09,2018-07-27,0.010644305564810847,0.20222180969616663,3.6891504548410676,E checklist
HCLTECH,2018-09-26,2018-10-08,-0.05800162667615659,-1.0733957248758703,2.0,E checklist
HCLTECH,2019-04-25,2019-05-14,-0.06661627126407765,-1.0630913928505132,2.0,E checklist
HCLTECH,2019-06-11,2019-07-01,-0.050716014664099626,-1.0850758825746207,2.285946577685925,E checklist
HCLTECH,2020-10-20,2020-11-03,-0.04422966291820814,-1.0991268769410636,2.0916942768951943,E checklist
HCLTECH,2021-01-22,2021-01-25,-0.035460114152894635,-1.1270589926133139,2.2767618259550457,E checklist
HCLTECH,2021-03-03,2021-03-24,0.006459599146982106,0.09485624203172298,2.0925858712508676,E checklist
HCLTECH,2021-06-09,2021-06-29,0.005355560109363838,0.1154399102694657,2.2998593530239035,E checklist
HCLTECH,2021-09-01,2021-09-22,0.10053714143953257,1.3261290674071526,2.0,E checklist
HCLTECH,2021-12-20,2022-01-07,0.10755703203248597,3.5521305035106447,4.484128831975166,E checklist
HCLTECH,2022-03-28,2022-04-01,-0.03003524663501734,-1.1541567018699688,7.2726485862666275,E checklist
HCLTECH,2022-11-25,2022-12-09,-0.06672220100429685,-1.063097467099003,2.0,E checklist
HCLTECH,2023-06-21,2023-07-12,-0.059213771505307836,-0.9344702502738587,2.0,E checklist
HCLTECH,2023-12-11,2024-01-01,0.0780602146220316,1.323620558798871,2.0,E checklist
HCLTECH,2024-02-07,2024-02-27,0.014286135832099011,0.18952898153074096,2.0,E checklist
HCLTECH,2024-06-24,2024-07-12,0.08019388644180768,2.283037482595021,2.8734645199761517,E checklist
HCLTECH,2024-11-25,2024-12-13,0.02126832499160548,0.3530121191928123,2.0,E checklist
HCLTECH,2025-06-12,2025-07-02,-0.00826010080697764,-0.11151765935158871,2.0,E checklist
HCLTECH,2025-11-13,2025-12-03,0.021015567077418626,0.2881955865730117,2.0,E checklist
HDFCBANK,2016-04-27,2016-05-17,0.03460640779740693,0.5359252038603969,2.0,E checklist
HDFCBANK,2016-05-26,2016-06-15,-0.010075654238855548,-0.23085149805810712,2.0,E checklist
HDFCBANK,2016-07-12,2016-08-01,0.02214543979235661,0.41209869196497717,2.0,E checklist
HDFCBANK,2016-08-25,2016-09-16,0.022143518931126253,0.5123090993587832,2.0,E checklist
HDFCBANK,2016-09-23,2016-10-13,-0.038624193996906205,-1.1153943869044751,2.0,E checklist
HDFCBANK,2017-01-11,2017-02-01,0.0598751877635478,1.7856317670759438,2.008553497803963,E checklist
HDFCBANK,2017-02-06,2017-02-27,0.05718764707856204,0.8608185496413353,2.0,E checklist
HDFCBANK,2017-04-18,2017-04-21,0.02453502908581992,1.722972389466203,2.595588393221501,E checklist
HDFCBANK,2017-05-26,2017-06-15,0.031236459192070073,0.6598494136626469,2.0,E checklist
HDFCBANK,2017-07-28,2017-08-18,-0.0157046455343379,-0.25869408547886524,2.0,E checklist
HDFCBANK,2018-03-16,2018-04-09,0.026749460428342014,0.8549563800057579,2.2821881699858513,E checklist
HDFCBANK,2019-05-03,2019-05-23,-0.018082950145987892,-0.3216311768556913,2.0,E checklist
HDFCBANK,2020-09-08,2020-09-10,-0.027316327479473036,-1.1725832302290846,2.1034310627905253,E checklist
HDFCBANK,2020-11-06,2020-11-26,0.12167092973035451,1.5684500622116793,2.0,E checklist
HDFCBANK,2021-02-23,2021-02-23,-0.024469632487335524,-1.1968633632629586,3.6765121138532892,E checklist
HDFCBANK,2021-07-07,2021-07-19,-0.04541486938723412,-1.0959244653937854,2.0,E checklist
HDFCBANK,2021-10-28,2021-10-28,-0.03157933220488574,-1.145278927068303,2.188144697437852,E checklist
HDFCBANK,2022-01-19,2022-01-20,-0.019240596380156443,-1.263729445150797,9.987068965517244,E checklist
HDFCBANK,2022-08-01,2022-08-23,0.01400130246899242,0.18631488502743437,2.0,E checklist
HDFCBANK,2022-12-13,2022-12-23,-0.04259027890906423,-1.1190341587188244,2.0,E checklist
HDFCBANK,2024-07-04,2024-07-08,-0.07512071363293071,-1.0551930112767252,2.0,E checklist
HDFCBANK,2024-08-09,2024-08-30,-0.013652198595626514,-0.33021936193791107,2.5945455993042654,E checklist
HDFCBANK,2024-09-04,2024-09-24,0.07390318015943545,4.572517118861534,6.50334366335021,E checklist
HDFCLIFE,2018-01-04,2018-01-09,0.0888740256100843,1.6493725662446055,2.0,E checklist
HDFCLIFE,2019-10-17,2019-11-07,-0.05787716339041239,-0.7827405716878736,2.0,E checklist
HDFCLIFE,2019-12-04,2019-12-24,0.06428164843547252,1.6627363044676526,2.774906562713495,E checklist
HDFCLIFE,2020-10-27,2020-11-14,0.0870518580905796,1.6472681959590838,2.2505595876008937,E checklist
HDFCLIFE,2021-06-04,2021-06-24,0.055427845999218205,1.5411840401850592,2.835575877965595,E checklist
HDFCLIFE,2021-11-10,2021-11-26,-0.051785041979903385,-1.0832065091155512,2.011889001375797,E checklist
HDFCLIFE,2023-05-30,2023-06-19,0.08290848536865784,1.8000405254210665,2.0,E checklist
HDFCLIFE,2023-08-31,2023-09-21,0.00997440750257666,0.2971735361747882,2.329994973125565,E checklist
HDFCLIFE,2023-12-13,2023-12-15,-0.06530949195988185,-1.0644645492994544,2.0,E checklist
HDFCLIFE,2025-05-02,2025-05-22,0.011733987030413676,0.15571559946933433,2.0,E checklist
HDFCLIFE,2025-09-02,2025-09-04,-0.02623668571137372,-1.180772781771639,2.074271313774913,E checklist
HINDALCO,2016-07-27,2016-08-05,0.061566572657519934,2.3536680643011736,4.065185185185144,E checklist
HINDALCO,2017-02-14,2017-03-07,0.04395607864292698,1.0206446279550545,2.5097101882282655,E checklist
HINDALCO,2017-09-21,2017-09-21,-0.02794840892385103,-1.1670391967345013,2.597997138769683,E checklist
HINDALCO,2018-04-25,2018-05-02,-0.03171352128900716,-1.1443579941199236,4.040807651434652,E checklist
HINDALCO,2021-07-23,2021-07-29,0.0920010721931183,2.334561684542025,2.302575885838676,E checklist
HINDALCO,2021-12-27,2022-01-14,0.10329195999543951,1.3946586342390879,2.605009633911371,E checklist
HINDALCO,2023-08-02,2023-08-23,-0.0018299146220060885,-0.02708946806501453,2.0,E checklist
HINDALCO,2023-12-15,2024-01-05,0.06735071618918632,0.8345488143457003,2.0,E checklist
HINDALCO,2025-06-23,2025-07-11,0.03714682256340983,1.9483222844175083,3.843652282676672,E checklist
HINDALCO,2025-10-06,2025-10-27,0.07036984325016213,1.0133410012993347,2.0,E checklist
HINDUNILVR,2017-04-27,2017-05-18,0.047466752335608944,0.9626560683062135,2.0000000000000027,E checklist
HINDUNILVR,2017-06-08,2017-06-29,-0.021284392609679712,-0.28416273852777785,2.0,E checklist
HINDUNILVR,2017-09-01,2017-09-21,0.028567996954977144,0.6013267317052073,2.0,E checklist
HINDUNILVR,2017-11-13,2017-12-01,-0.03878143680933072,-0.6603206293468062,2.0,E checklist
HINDUNILVR,2018-01-22,2018-01-24,-0.019355695918309036,-1.2666537984089552,2.2632177115060896,E checklist
HINDUNILVR,2018-04-18,2018-05-09,0.026676897148428212,0.3299388383848598,2.0,E checklist
HINDUNILVR,2018-06-06,2018-06-12,0.03845431209349223,2.6016275522898233,2.5621866528020183,E checklist
HINDUNILVR,2018-07-17,2018-07-18,-0.08351728087150476,-1.050213572688495,2.0,E checklist
HINDUNILVR,2018-08-20,2018-09-03,-0.0509168719300922,-1.0858442249319888,2.0,E checklist
HINDUNILVR,2020-01-14,2020-02-01,0.03510985265915357,0.7317060820943345,2.0694003919749315,E checklist
HINDUNILVR,2021-06-09,2021-06-21,0.05609177027039686,2.605393361504879,3.1403867076406238,E checklist
HINDUNILVR,2022-08-18,2022-08-24,-0.04608709964420149,-1.0948060561721258,2.0,E checklist
HINDUNILVR,2023-07-06,2023-07-21,-0.055922229349427845,-1.0784865840670035,2.0,E checklist
HINDUNILVR,2024-07-24,2024-08-13,-0.007046720950312257,-0.09974403030822922,2.0,E checklist
HINDUNILVR,2024-08-26,2024-09-13,0.03690779807819475,0.8617334530863919,2.0,E checklist
HINDUNILVR,2024-09-23,2024-10-09,-0.06744256552248422,-1.0621487705932604,2.0,E checklist
HINDUNILVR,2025-08-04,2025-08-25,0.028468572241016142,0.4455703196484401,2.0,E checklist
HINDUNILVR,2025-10-17,2025-10-30,-0.04097871079663129,-1.1100064431277201,2.103124003825312,E checklist
ICICIBANK,2017-01-11,2017-02-01,0.06564590456900188,1.0899180715578394,2.847318630465982,E checklist
ICICIBANK,2020-12-01,2020-12-07,0.043437627472444194,1.1617747807511738,2.2533532041728748,E checklist
ICICIBANK,2021-01-19,2021-01-22,0.014733673885824448,0.4100020012159416,2.0955324151830745,E checklist
ICICIBANK,2021-09-01,2021-09-22,-0.03774893989504829,-0.47989263427933,2.0,E checklist
ICICIBANK,2022-01-03,2022-01-21,0.07785556988601708,1.179857177648163,2.765876260561464,E checklist
ICICIBANK,2022-08-01,2022-08-23,0.04789439151605664,0.5899496081930405,2.0,E checklist
ICICIBANK,2022-09-09,2022-09-29,-0.07900632064994478,-1.0527560021722866,2.0,E checklist
ICICIBANK,2022-11-14,2022-11-14,-0.01839373896020173,-1.2795674963180477,2.5965887555274856,E checklist
ICICIBANK,2023-09-08,2023-09-22,-0.025251496539891238,-1.1908294782838653,2.3621399176954743,E checklist
ICICIBANK,2023-11-30,2023-12-14,0.07272745369445725,2.5137729968215368,2.1129321299403685,E checklist
ICICIBANK,2024-10-28,2024-11-18,-0.029394211636397372,-0.5046161215015073,2.410663230378929,E checklist
ICICIBANK,2025-09-19,2025-09-24,-0.02721111459928059,-1.1728799890494694,2.0706460143558747,E checklist
INDIGO,2017-11-10,2017-11-15,-0.05304558250934859,-1.0817994161447957,2.6858928455178734,E checklist
INDIGO,2017-12-21,2018-01-11,0.051251437870804314,0.9315033658720233,2.2019482062247597,E checklist
INDIGO,2019-09-23,2019-10-15,0.0052359435357374265,0.07905643339349822,2.0,E checklist
INDIGO,2021-10-28,2021-10-29,-0.04395535645859173,-1.101575402983173,4.287751602130166,E checklist
INDIGO,2022-01-10,2022-01-27,-0.03891598038180022,-1.114451624219145,3.875681368835344,E checklist
INDIGO,2022-12-09,2022-12-29,-0.011625199921182924,-0.14157349041294706,2.0,E checklist
INDIGO,2023-02-02,2023-02-07,0.011171331698504419,0.5395826788600222,2.1522959550885226,E checklist
INDIGO,2023-09-12,2023-09-15,-0.051329262519590815,-1.0862636416659965,2.2521714074013133,E checklist
INDIGO,2023-12-21,2023-12-21,-0.012629149828974121,-1.4792845399458816,4.356145619303495,E checklist
INDIGO,2024-12-13,2024-12-19,-0.050411326848981156,-1.348071072890765,3.121575739682398,E checklist
INDIGO,2025-10-10,2025-10-31,-0.02131666311105001,-0.4843992976701229,2.0084721829991516,E checklist
INFY,2018-02-01,2018-02-06,-0.041394185625562,-1.7188298102556256,2.019765664798782,E checklist
INFY,2018-08-14,2018-09-05,0.027755783972617482,0.46398779921521266,2.0,E checklist
INFY,2018-09-19,2018-09-21,-0.025170090600946247,-1.1895597699737188,4.111169375983214,E checklist
INFY,2020-11-27,2020-12-18,0.056766318802364525,1.8270904786456266,2.4720613649455716,E checklist
INFY,2021-04-06,2021-04-28,-0.05145190755413146,-0.6419045740327464,2.0,E checklist
INFY,2021-05-24,2021-06-11,0.0617441102435545,1.6463140324728023,2.55512913213564,E checklist
INFY,2021-06-17,2021-07-07,0.05589921638960811,0.7927397697529267,2.0,E checklist
INFY,2021-07-30,2021-08-20,0.0715104537873703,1.4451517559182623,2.0,E checklist
INFY,2021-09-27,2021-09-29,-0.06629540373484777,-1.1557645463200592,2.0,E checklist
INFY,2022-01-06,2022-01-06,-0.009829244861966159,-1.7036928656800412,2.638335426496029,E checklist
INFY,2022-11-25,2022-12-12,-0.060899723801706857,-1.069846437878138,2.0,E checklist
INFY,2024-02-05,2024-02-23,-0.015111144729701199,-0.38790872747166993,2.0,E checklist
INFY,2024-07-19,2024-08-08,-0.05904839790699591,-0.4836954273510142,2.0,E checklist
INFY,2024-09-11,2024-09-19,-0.022214044808039637,-1.2240221240681213,2.016572077185029,E checklist
INFY,2025-12-22,2026-01-12,-0.04531298708663712,-0.8301428333358455,2.0,E checklist
ITC,2016-08-03,2016-08-24,-0.04190213471981777,-0.7143532884738408,2.0,E checklist
ITC,2017-03-15,2017-04-05,0.04712603575744289,1.4748613601109037,2.441775456919046,E checklist
ITC,2018-05-07,2018-05-25,-0.02982854659158525,-1.1550931779650446,2.122621564482044,E checklist
ITC,2018-11-30,2018-12-06,-0.06415421629347608,-1.0656180678267713,2.3031077548649406,E checklist
ITC,2019-01-16,2019-01-23,-0.07065312216923328,-1.059011573930282,2.0,E checklist
ITC,2021-03-18,2021-04-09,-0.004073249577416648,-0.06943230172267587,2.8556655077115067,E checklist
ITC,2021-05-24,2021-06-11,-0.012144589262167632,-0.3305660814718982,2.6613446426343987,E checklist
ITC,2021-07-16,2021-08-06,0.0268849301245658,0.7490871636263364,2.222758828856023,E checklist
ITC,2022-09-01,2022-09-21,0.06234786465053114,1.6579300334177993,2.0,E checklist
ITC,2023-01-23,2023-02-01,0.07237517167248828,2.2063509683310167,2.8332391181458254,E checklist
ITC,2023-04-28,2023-05-19,-0.00013752153984570935,-0.0021446036575973704,2.0,E checklist
ITC,2023-05-26,2023-06-15,0.006015584560295016,0.07788504316162109,2.0,E checklist
ITC,2023-07-06,2023-07-26,-0.015196443659105274,-0.19806316366289572,2.0,E checklist
ITC,2023-09-13,2023-10-04,-0.043477620554845706,-1.1007954003240512,2.920928233777407,E checklist
ITC,2023-10-12,2023-10-25,-0.044582325075233395,-1.0982101126326271,3.086944875984354,E checklist
ITC,2024-09-27,2024-10-04,-0.03725745576346744,-1.1202457073749843,2.0,E checklist
ITC,2025-05-27,2025-05-28,-0.061239704089405836,-1.2189126751518733,2.0,E checklist
JIOFIN,2024-06-26,2024-07-08,-0.036917994056112964,-1.1212922370926146,3.030588235294122,E checklist
JIOFIN,2025-07-14,2025-07-14,-0.015987773934793656,-1.3360052504995226,2.094900570978537,E checklist
JIOFIN,2025-09-17,2025-09-25,-0.035972398585933756,-1.1250843916584898,2.433411543876124,E checklist
JIOFIN,2025-10-21,2025-11-04,-0.03228486523521312,-1.1412526998100134,3.5212981744422036,E checklist
JSWSTEEL,2016-07-27,2016-08-17,0.055950410350177227,0.680296011949887,2.0,E checklist
JSWSTEEL,2018-01-24,2018-02-06,-0.07877605735637756,-1.052478411174771,2.0,E checklist
JSWSTEEL,2018-05-16,2018-05-21,-0.08036195779929499,-1.051424444823015,2.0,E checklist
JSWSTEEL,2019-11-26,2019-12-16,-0.03562622062420667,-0.44384163746314714,2.0,E checklist
JSWSTEEL,2020-01-03,2020-01-08,-0.06179520569871286,-1.0683298544493112,2.0,E checklist
JSWSTEEL,2021-01-18,2021-01-18,-0.01809313381728564,-1.2854150889456186,3.122123893805336,E checklist
JSWSTEEL,2021-07-08,2021-07-29,0.08292183972144791,2.0017181882071733,2.69792942548849,E checklist
JSWSTEEL,2021-11-09,2021-11-18,-0.060591765292131734,-1.070120765426101,2.2052878583708875,E checklist
JSWSTEEL,2022-12-28,2023-01-17,-0.009129921810028137,-0.16228868531632318,2.0,E checklist
JSWSTEEL,2023-08-11,2023-08-25,-0.06336140903131299,-1.0796933687422943,2.0,E checklist
JSWSTEEL,2023-12-28,2024-01-10,-0.0813263367516914,-1.0511186243545527,2.0,E checklist
JSWSTEEL,2024-02-19,2024-03-07,0.0003408772390891817,0.006918304325408357,2.2055492050296084,E checklist
JSWSTEEL,2024-12-02,2024-12-19,-0.04524014827085516,-1.0963027011721607,2.452038098677384,E checklist
JSWSTEEL,2025-05-30,2025-06-02,-0.03504158586580326,-1.1298993825317618,2.0283650550956893,E checklist
JSWSTEEL,2025-06-23,2025-07-11,0.02735213437506424,0.9539345530928608,2.397653958944289,E checklist
JSWSTEEL,2025-08-19,2025-09-09,0.018032081882655714,0.3238548787347944,2.0,E checklist
JSWSTEEL,2025-10-29,2025-11-19,-0.024905144066789512,-0.46275201842705166,2.0,E checklist
KOTAKBANK,2016-04-27,2016-05-17,0.004685237676211659,0.06716981653782919,2.0,E checklist
KOTAKBANK,2017-03-23,2017-04-13,0.01433454273376155,0.25917060832956246,2.0,E checklist
KOTAKBANK,2017-05-11,2017-05-31,0.030699914023221482,0.5994145563671243,2.0,E checklist
KOTAKBANK,2017-06-23,2017-06-29,-0.0464101379201444,-1.0936078206839839,2.0,E checklist
KOTAKBANK,2017-12-15,2018-01-05,-0.032957423634286,-0.7663824954787322,2.502236611225064,E checklist
KOTAKBANK,2018-01-12,2018-01-29,0.08564553263063936,2.6099090909086016,3.446262715612567,E checklist
KOTAKBANK,2019-01-21,2019-02-08,0.04260567774553757,1.0992902263609339,2.2468414462951047,E checklist
KOTAKBANK,2019-04-16,2019-05-10,0.006807892684949783,0.13075986883042162,2.0,E checklist
KOTAKBANK,2019-05-20,2019-06-10,0.00320495401351224,0.035698561718890846,2.0,E checklist
KOTAKBANK,2021-06-03,2021-06-23,-0.034214738967841246,-0.6479369803996909,2.4878023727594845,E checklist
KOTAKBANK,2023-07-13,2023-08-02,-0.03895301369963591,-1.1140564026085387,3.4282897655389983,E checklist
KOTAKBANK,2025-09-17,2025-10-08,0.03905744200794242,0.7488603901133213,2.2613239781468755,E checklist
KOTAKBANK,2025-11-28,2025-12-18,0.016893931689586406,0.5595094051110819,2.871605832208805,E checklist
LT,2016-05-11,2016-05-24,-0.05861277152022665,-1.072751011312149,2.0,E checklist
LT,2016-07-18,2016-08-01,-0.06426525649082819,-1.0656331091922664,2.0,E checklist
LT,2016-09-23,2016-09-27,-0.04146372408015513,-1.1073088669106603,2.2707423580786017,E checklist
LT,2016-10-30,2016-11-04,-0.04029947576044084,-1.291633579516797,2.438576774686889,E checklist
LT,2017-02-08,2017-03-01,-0.023553989972207475,-0.3081002125501696,2.0,E checklist
LT,2017-04-25,2017-05-16,-0.004183334448331398,-0.08232533883513417,2.0,E checklist
LT,2018-01-09,2018-01-30,0.062290705363837774,0.804340059472051,2.0,E checklist
LT,2018-03-22,2018-04-13,0.02576859196338228,0.5412580420353739,2.8373545273914367,E checklist
LT,2021-05-11,2021-06-01,0.06375912897290766,1.2746891765405688,2.150183424421656,E checklist
LT,2021-08-16,2021-09-06,0.007418732812226834,0.10303536577250676,2.0,E checklist
LT,2022-08-11,2022-09-02,0.03300023419738242,0.47326102392950314,2.0,E checklist
LT,2023-07-24,2023-08-11,-0.004256705140351287,-0.04913513453828766,2.0,E checklist
LT,2023-08-24,2023-09-13,0.06021909418577908,1.156389592884909,2.0,E checklist
LT,2023-09-29,2023-10-20,-0.013722257097997704,-0.19946246306557044,2.0,E checklist
LT,2024-07-03,2024-07-23,-0.048624905966782074,-1.0896919691974927,2.132987147864467,E checklist
LT,2024-08-27,2024-09-11,-0.03834081403419781,-1.117161640616854,2.26558975478425,E checklist
LT,2025-06-02,2025-06-13,-0.051707228719225916,-1.2296881136920823,2.0,E checklist
LT,2025-10-24,2025-11-14,0.014390758969048808,0.26354134538945817,2.0,E checklist
LT,2026-01-02,2026-01-08,-0.0392349219575722,-1.114401909165117,2.0,E checklist
MARUTI,2016-07-12,2016-08-01,0.12331188058562371,1.6695609500023272,2.0,E checklist
MARUTI,2016-08-31,2016-09-22,0.10013053076040267,1.7627075531215892,2.0,E checklist
MARUTI,2016-10-04,2016-10-26,0.02224079047187699,0.3512173950381415,2.0,E checklist
MARUTI,2017-04-06,2017-04-27,0.0013664859764002768,0.020063410722284125,2.0,E checklist
MARUTI,2017-05-17,2017-06-06,0.018601661814435257,0.3409208768339956,2.0,E checklist
MARUTI,2017-06-12,2017-07-03,-0.0167216438798488,-0.27339675402028213,2.0,E checklist
MARUTI,2017-11-29,2017-12-19,0.12509258628416492,1.8265891283456481,2.0,E checklist
MARUTI,2018-01-04,2018-01-10,-0.01510636284711657,-1.371834094792395,8.764218425243536,E checklist
MARUTI,2018-01-25,2018-02-02,-0.032143801341177385,-1.144698278946193,2.646955570054487,E checklist
MARUTI,2018-06-28,2018-07-10,0.05201798134826083,2.6124081533826,2.5194171372795338,E checklist
MARUTI,2020-09-01,2020-09-04,0.041980722726075836,1.9987420788737211,2.787029831387808,E checklist
MARUTI,2020-12-18,2020-12-18,-0.0227511182100763,-1.2395351971572544,2.7037199521958053,E checklist
MARUTI,2022-01-03,2022-01-21,0.10984112656799747,1.902769517487716,2.179680572464417,E checklist
MARUTI,2022-04-22,2022-05-06,-0.06759496716335359,-1.0681239640988685,2.017564698279841,E checklist
MARUTI,2023-01-25,2023-02-15,0.00637762285885168,0.10448186372922101,2.2219783479163606,E checklist
MARUTI,2023-04-24,2023-05-11,0.0639029897792927,2.3081668769793477,2.194018576776531,E checklist
MARUTI,2023-06-07,2023-06-27,-0.037849012633386046,-0.5547094267363759,2.0,E checklist
MARUTI,2023-07-06,2023-07-26,-0.02945817764069237,-0.3958622349216652,2.0,E checklist
MARUTI,2024-03-21,2024-04-15,0.030330789031631954,0.4589022346040726,2.0,E checklist
MARUTI,2024-08-28,2024-09-17,-0.025061188129649564,-0.7103386293237253,2.7347969033461856,E checklist
MARUTI,2025-09-09,2025-09-29,0.04220259700819193,0.6160976469178746,2.0,E checklist
MAXHEALTH,2021-11-08,2021-11-29,0.06883388135568792,0.8258843585409851,2.108553829850649,E checklist
MAXHEALTH,2024-05-15,2024-05-30,-0.05404126211656177,-1.0796671372453974,2.3556263269639106,E checklist
MAXHEALTH,2024-11-19,2024-11-22,-0.07077781431880246,-2.198948673390271,5.161602371572309,E checklist
M&M,2017-03-02,2017-03-21,-0.06443176970981093,-1.0653178043703444,2.0,E checklist
M&M,2018-03-28,2018-04-19,0.07250087022645028,2.016793662616819,2.109444934496391,E checklist
M&M,2021-03-22,2021-03-24,-0.04719300909822127,-1.0920995503941084,2.7593888471875823,E checklist
M&M,2022-01-24,2022-02-07,-0.05863341222526711,-1.072582993154985,2.023849729296867,E checklist
M&M,2022-09-01,2022-09-21,0.01618691053609377,0.29490391790401954,2.0,E checklist
M&M,2022-12-09,2022-12-22,-0.03690045479538609,-1.1218463733576731,2.676411891247455,E checklist
M&M,2023-05-02,2023-05-22,0.024243477723561755,0.774463274684732,4.878293601003749,E checklist
M&M,2023-07-04,2023-07-24,0.03555885556893494,0.4197973374264742,2.0,E checklist
M&M,2023-10-25,2023-10-26,-0.043171325623322654,-1.1015207299950067,2.0093768180418135,E checklist
M&M,2024-02-15,2024-02-16,0.050724033596748944,1.223482778480992,2.2433333333333345,E checklist
M&M,2024-08-27,2024-09-06,-0.043632057472925784,-1.1028526970266033,2.105475047125151,E checklist
NESTLEIND,2017-08-29,2017-09-18,0.03182049008665444,0.4161154214338689,2.0,E checklist
NESTLEIND,2018-03-28,2018-04-19,0.11648935384347696,1.6151586515707383,2.0,E checklist
NESTLEIND,2018-05-14,2018-06-01,0.03474435561890964,0.5040718705664264,2.0,E checklist
NESTLEIND,2018-06-27,2018-07-17,0.03516084228327159,0.5391716783543271,2.0,E checklist
NESTLEIND,2019-04-15,2019-05-02,-0.03844815291943621,-1.1159636791203384,2.2328750256515386,E checklist
NESTLEIND,2019-09-23,2019-10-15,0.023574058217437226,0.2521554073262382,2.0,E checklist
NESTLEIND,2019-12-16,2020-01-06,0.006406663728615584,0.28105524974367385,2.347006157232515,E checklist
NESTLEIND,2020-02-04,2020-02-25,-0.005733138145277846,-0.0713119572335279,2.0,E checklist
NESTLEIND,2021-06-17,2021-07-07,-0.015564935847081211,-0.4363592877687019,2.0,E checklist
NESTLEIND,2021-11-15,2021-12-06,-0.014061292050829979,-0.36531678152984054,2.178327260383679,E checklist
NESTLEIND,2022-08-01,2022-08-23,0.004838439174633825,0.07110808643728175,2.0,E checklist
NESTLEIND,2023-01-18,2023-01-20,-0.03026239514201495,-1.1522153382643694,2.1613142257951847,E checklist
NESTLEIND,2023-06-08,2023-06-28,0.008038581566902214,0.14585255896826327,2.0,E checklist
NESTLEIND,2023-12-20,2024-01-10,-0.0011794495632265758,-0.018956465610016113,2.0,E checklist
NESTLEIND,2024-02-20,2024-03-11,0.03200796955460283,0.6559625599126007,2.2039436065493043,E checklist
NESTLEIND,2024-09-04,2024-09-20,0.049612695113836,2.80321931079375,2.4217446197158368,E checklist
NTPC,2016-08-19,2016-09-09,-0.05717061707440163,-0.8153581540331075,2.0,E checklist
NTPC,2017-01-13,2017-02-03,-0.021355722517797354,-0.25502702906127556,2.0,E checklist
NTPC,2017-10-05,2017-10-24,0.06945478758906098,2.6208430983291118,2.4249801039277226,E checklist
NTPC,2018-01-03,2018-01-10,-0.030377703147218316,-1.1515596013570224,2.246036778693696,E checklist
NTPC,2018-04-18,2018-05-09,-0.03895372006315625,-0.579893872174151,2.0,E checklist
NTPC,2019-07-02,2019-07-08,-0.08690076734469451,-1.0471443383416719,2.0,E checklist
NTPC,2020-09-01,2020-09-07,-0.050651072389015554,-1.0849562573138811,3.399267399267389,E checklist
NTPC,2021-02-17,2021-03-02,0.11219508873990788,2.4897511262927075,2.046621888581589,E checklist
NTPC,2022-12-16,2022-12-21,-0.033943093302505334,-1.1333157048148337,2.0575685743311976,E checklist
NTPC,2023-01-19,2023-02-03,-0.04230346512649314,-1.1039679278586148,2.4509644999189635,E checklist
NTPC,2023-06-30,2023-07-20,0.020889082931723573,0.6989490542315602,2.0,E checklist
NTPC,2023-09-29,2023-09-29,0.022292740185640196,0.9904730378817859,3.215912736605671,E checklist
NTPC,2023-11-30,2023-12-15,0.1278487278911719,2.4840104975498964,2.0,E checklist
NTPC,2024-03-05,2024-03-13,-0.07852209378890602,-1.0526676746173818,2.0,E checklist
NTPC,2025-10-08,2025-10-08,-0.018920521649851127,-1.2696571959837082,3.5102840352595246,E checklist
NTPC,2026-01-30,2026-02-18,0.021547234152052556,0.307601497355537,2.0,E checklist
NTPC,2026-02-23,2026-03-16,0.01784221151699739,0.44644432279804414,2.0,E checklist
ONGC,2016-09-09,2016-09-30,0.0343724620636853,0.6396385678012854,2.0,E checklist
ONGC,2017-03-08,2017-03-09,-0.03570890098769957,-1.125744560268211,2.768095008826827,E checklist
ONGC,2017-10-25,2017-11-07,0.11076170589194095,1.7758544784463626,2.0,E checklist
ONGC,2017-12-13,2018-01-03,0.04834851435240371,0.9526221570062029,2.5082215272873962,E checklist
ONGC,2018-04-20,2018-05-11,0.00893033241397737,0.17287747498868367,3.42663561295788,E checklist
ONGC,2021-08-12,2021-08-17,-0.03345400635083463,-1.1354844173722216,2.6934337097448777,E checklist
ONGC,2022-03-21,2022-04-08,-0.00918103570268695,-0.1268157202835546,2.2469276471066957,E checklist
ONGC,2022-04-21,2022-04-26,-0.05344088103610924,-1.0801333119909902,2.3090947636209416,E checklist
ONGC,2022-12-15,2023-01-04,-0.01398195015183997,-0.2238694064079521,2.0,E checklist
ONGC,2023-01-20,2023-01-30,-0.050047398249117726,-1.0860791322086725,2.0,E checklist
ONGC,2023-05-09,2023-05-29,-0.04077140306587772,-0.6188519808065707,2.0,E checklist
ONGC,2023-06-30,2023-07-20,0.03847834204989649,0.980081154058687,2.7474178403755722,E checklist
ONGC,2023-08-11,2023-09-01,0.01133463409108406,0.18612837527965126,2.0,E checklist
POWERGRID,2016-07-27,2016-08-17,0.00498824745469781,0.06387386955285604,2.0,E checklist
POWERGRID,2016-09-07,2016-09-15,-0.054976761208743286,-1.077605858878731,2.0,E checklist
POWERGRID,2017-03-29,2017-04-20,0.054019524048684445,1.5904479083796677,2.0876544513676225,E checklist
POWERGRID,2018-05-09,2018-05-29,-0.028014990240299385,-0.6137433700557455,2.0000000000000027,E checklist
POWERGRID,2021-05-11,2021-06-01,0.04594798056091942,1.2715219907272555,2.3897942386831286,E checklist
POWERGRID,2021-07-19,2021-07-29,-0.03238074883254637,-1.140840132253744,2.701646990234682,E checklist
POWERGRID,2021-12-14,2021-12-22,-0.030253511021127825,-1.1524119562007,2.167587240419598,E checklist
POWERGRID,2022-03-17,2022-03-21,-0.03869532498338507,-1.114850773069446,3.0456140350877225,E checklist
POWERGRID,2023-12-29,2024-01-18,-0.02276139824801285,-0.3229354488911337,2.0000000000000018,E checklist
POWERGRID,2024-12-06,2024-12-19,-0.033990248038087464,-1.1333457991585312,3.4716610779422523,E checklist
RELIANCE,2016-08-30,2016-09-21,0.0050997794006223075,0.08682388135692921,2.0,E checklist
RELIANCE,2017-06-12,2017-07-03,0.03641721721948257,1.9893759679585492,4.0219647306417725,E checklist
RELIANCE,2017-09-26,2017-09-27,-0.030144435863301067,-1.1529028704277808,2.4304468903328336,E checklist
RELIANCE,2018-01-23,2018-02-02,-0.07818753833563699,-1.0529112179112035,2.0,E checklist
RELIANCE,2018-08-24,2018-09-14,-0.014078642205230172,-0.1998461770431689,2.0,E checklist
RELIANCE,2018-12-10,2018-12-10,-0.021734200189229176,-1.226242658713481,3.435058751744995,E checklist
RELIANCE,2019-06-12,2019-06-17,-0.03312218256081168,-1.1380039157924793,2.6993519574767637,E checklist
RELIANCE,2019-11-20,2019-12-10,-0.00014414031067718443,-0.0015984368992691532,2.0,E checklist
RELIANCE,2021-05-20,2021-06-09,0.09661777747414013,1.8899892808632794,2.3371697906390496,E checklist
RELIANCE,2021-09-29,2021-10-20,0.04598277959959941,0.5475792001691829,2.0,E checklist
RELIANCE,2022-01-10,2022-01-25,-0.052491175023621515,-1.082683064780137,3.095170986536522,E checklist
RELIANCE,2022-04-21,2022-05-09,-0.09281158753634905,-1.0438603660591326,2.0,E checklist
RELIANCE,2022-09-01,2022-09-01,-0.011257775546226506,-1.5629517428733688,2.4696963133041487,E checklist
RELIANCE,2023-05-30,2023-06-19,0.007786767695541598,0.17237491546613135,2.0,E checklist
RELIANCE,2023-09-18,2023-09-20,-0.021636930778168553,-1.2295992872600199,2.9040317796990984,E checklist
RELIANCE,2023-11-16,2023-12-07,0.04034481941382483,1.5347580174838877,3.3446335007832264,E checklist
RELIANCE,2024-01-12,2024-02-02,0.06712076144896506,1.124489096543046,2.0,E checklist
RELIANCE,2024-09-25,2024-10-03,-0.036321109476360844,-1.2237829264760494,2.4435723733730845,E checklist
RELIANCE,2025-05-16,2025-06-05,-0.01198042574710461,-0.19768922706466918,2.0,E checklist
RELIANCE,2025-06-27,2025-07-17,-0.019886686549550614,-0.3252147109818965,2.0,E checklist
RELIANCE,2025-08-20,2025-08-29,-0.04526161665569238,-1.0965706830913122,2.0188933873144457,E checklist
RELIANCE,2025-09-22,2025-09-30,-0.03219498536530659,-1.1424667061137481,3.383372601817556,E checklist
SBILIFE,2017-12-26,2018-01-15,0.015295032379614612,0.2163608708354555,2.0,E checklist
SBILIFE,2019-04-30,2019-05-21,0.03405449394738232,0.5280167953141693,2.0,E checklist
SBILIFE,2019-06-27,2019-07-17,0.07907176570456216,1.3556665621260264,2.0,E checklist
SBILIFE,2019-11-06,2019-11-06,-0.034659405379986685,-1.1312903088047166,2.429431052498828,E checklist
SBILIFE,2020-01-24,2020-02-01,-0.025721551454437292,-1.1852541770484675,2.107745546204126,E checklist
SBILIFE,2021-04-15,2021-05-05,0.11792020448742717,2.927129942329497,2.2334516600542913,E checklist
SBILIFE,2021-06-09,2021-06-29,0.01708362166942365,0.7444176103671409,2.7356685499058426,E checklist
SBILIFE,2021-08-30,2021-09-20,-0.014596544979852542,-0.17977727236266147,2.0,E checklist
SBILIFE,2021-10-06,2021-10-20,-0.08419862047746,-1.0491442741354768,2.0,E checklist
SBILIFE,2022-01-18,2022-02-03,-0.07497709201524365,-1.0555020807258604,2.0,E checklist
SBILIFE,2022-04-05,2022-04-27,-0.047909366819228416,-0.7162523593901261,2.1413405709966664,E checklist
SBILIFE,2022-11-14,2022-11-21,-0.0297503074020377,-1.1576550677077524,2.921428985003757,E checklist
SBILIFE,2023-06-08,2023-06-28,0.03715046481896015,0.5647997748969324,2.0,E checklist
SBILIFE,2025-06-25,2025-07-15,-0.014395441173251741,-0.2012795489967788,2.0,E checklist
SBIN,2017-01-17,2017-02-07,0.07460705699782438,1.0922728578612921,2.0927182270465856,E checklist
SBIN,2017-02-17,2017-03-03,-0.025758743229168633,-1.184332393492093,2.400418191322526,E checklist
SBIN,2017-06-20,2017-06-27,-0.02997018709150956,-1.153976493207085,3.0787778008730045,E checklist
SBIN,2018-01-22,2018-02-05,-0.061264771690310145,-1.0689334259572425,2.2784712143202754,E checklist
SBIN,2018-08-17,2018-09-07,-0.01585707382504728,-0.6193188384937551,6.58019525801953,E checklist
SBIN,2018-11-30,2018-12-05,-0.04228900097536134,-1.1041023698884185,3.056142185049689,E checklist
SBIN,2019-01-09,2019-01-25,-0.07161262571989857,-1.0583009109246007,2.0,E checklist
SBIN,2020-02-20,2020-02-28,-0.044045670041472536,-1.0995205754419188,2.2438067847571617,E checklist
SBIN,2021-01-13,2021-01-28,-0.08976222398040049,-1.0455145240359456,2.0,E checklist
SBIN,2021-02-23,2021-03-05,-0.032456785371863486,-1.1405795105913255,4.503578947368433,E checklist
SBIN,2022-12-01,2022-12-16,0.006702829780157179,0.2708262758761388,2.160823170731695,E checklist
SBIN,2025-10-13,2025-11-03,0.07077697555823999,2.086762180378237,2.0,E checklist
SHRIRAMFIN,2017-07-13,2017-07-18,-0.056203451364978015,-1.075777260818009,2.7417266622300143,E checklist
SHRIRAMFIN,2018-03-14,2018-04-05,0.1416534325993034,3.5952900681640796,3.108454312553374,E checklist
SHRIRAMFIN,2018-04-25,2018-05-02,-0.06322941639755111,-1.0665616593864151,2.0,E checklist
SHRIRAMFIN,2018-06-21,2018-06-27,-0.06402473258967402,-1.0656931114075325,2.185914481582459,E checklist
SHRIRAMFIN,2022-08-03,2022-08-04,-0.031225823670783907,-1.1467837089853017,4.163699845458211,E checklist
SHRIRAMFIN,2022-11-30,2022-12-20,0.08687800566631534,1.8809962302832868,2.1610439210693846,E checklist
SHRIRAMFIN,2023-05-10,2023-05-30,0.036315648652806044,0.7819749207373641,2.4255045083727076,E checklist
SHRIRAMFIN,2023-12-15,2024-01-05,0.02152539007252113,0.2935251339869061,2.0,E checklist
SHRIRAMFIN,2024-09-13,2024-10-04,-0.023118124198906145,-0.3222881750464994,2.0,E checklist
SHRIRAMFIN,2025-10-24,2025-11-14,0.13892151699801852,1.7559794885827524,2.0,E checklist
SHRIRAMFIN,2026-02-27,2026-03-04,-0.06038472339542698,-1.0702342152047262,2.0,E checklist
SUNPHARMA,2019-11-11,2019-11-11,-0.015072504497190895,-1.3641155139598986,2.9510337323177316,E checklist
SUNPHARMA,2020-08-31,2020-08-31,-0.08086066523644682,-1.051076777110847,2.0,E checklist
SUNPHARMA,2020-11-23,2020-12-04,0.1155555837526257,3.0583939531302957,3.401481481481477,E checklist
SUNPHARMA,2021-09-30,2021-10-21,-0.00016073875651042253,-0.0019176316840091895,2.0,E checklist
SUNPHARMA,2023-01-04,2023-01-24,0.023694783451793888,0.7986746452608937,2.3181848604511095,E checklist
SUNPHARMA,2023-04-18,2023-04-24,-0.03218790490875157,-1.1416180678474979,2.6781261190871466,E checklist
SUNPHARMA,2023-06-19,2023-06-23,-0.02224367957355915,-1.2201446782207825,2.1916932907348277,E checklist
SUNPHARMA,2023-07-28,2023-08-18,-0.00019603561459297715,-0.0031050700174305185,2.0,E checklist
SUNPHARMA,2024-01-03,2024-01-23,0.05856891918706481,0.8108590709386354,2.0,E checklist
SUNPHARMA,2024-05-21,2024-05-23,-0.03550212458479431,-1.1280017187250775,2.1654102717066945,E checklist
SUNPHARMA,2024-10-11,2024-10-23,-0.026092999214142876,-1.1848636304299978,2.4437832476782817,E checklist
SUNPHARMA,2024-12-16,2025-01-06,0.011149550637210454,0.3720630649101814,3.0316565321540296,E checklist
SUNPHARMA,2025-11-13,2025-12-03,0.036919338444397154,0.8503661201002972,2.0,E checklist
SUNPHARMA,2026-02-25,2026-03-18,0.01621257572158304,0.5210335015726982,2.7100503757535837,E checklist
TATACONSUM,2016-07-28,2016-08-18,0.001601720975156368,0.02193765419651746,2.0,E checklist
TATACONSUM,2017-05-03,2017-05-23,-0.08159028925030312,-1.0504917360993749,2.0,E checklist
TATACONSUM,2018-04-17,2018-05-08,0.022668549666918468,0.4414578728644345,4.084979943544814,E checklist
TATACONSUM,2019-04-22,2019-04-23,-0.02322877393162995,-1.2084326352231594,2.138813493602169,E checklist
TATACONSUM,2020-11-02,2020-11-20,0.045976212015791086,0.5820917974518053,2.6284604636843727,E checklist
TATACONSUM,2021-01-12,2021-01-18,-0.08307615732212854,-1.049591304169199,2.0,E checklist
TATACONSUM,2021-05-31,2021-06-08,0.06486078300643346,1.698801384068442,2.161183325862836,E checklist
TATACONSUM,2021-06-23,2021-07-13,0.012297729857741973,0.14768209341673075,2.0,E checklist
TATACONSUM,2021-08-16,2021-09-06,0.07277597640005763,0.9703127716540468,2.0,E checklist
TATACONSUM,2022-01-17,2022-01-19,-0.06893179405415475,-1.0605773031043606,2.1637805470140763,E checklist
TATACONSUM,2022-09-14,2022-09-16,-0.053680731861925714,-1.0800968739683645,2.0,E checklist
TATACONSUM,2022-11-18,2022-12-08,0.014176001231187766,0.3092005412156799,2.310847541388679,E checklist
TATACONSUM,2023-06-01,2023-06-21,0.07183811645551295,1.262907059216175,2.0,E checklist
TATACONSUM,2023-12-20,2023-12-28,0.0524295196762925,1.440620413110244,2.0,E checklist
TATACONSUM,2024-01-15,2024-02-05,-0.03740822171409663,-0.36834644623744867,2.0,E checklist
TATASTEEL,2017-02-21,2017-03-15,-0.024642756417086742,-0.326519525095233,2.0,E checklist
TATASTEEL,2017-09-13,2017-09-25,-0.08161814754680614,-1.0504263434447108,2.0,E checklist
TATASTEEL,2018-09-10,2018-10-01,-0.07838950430494047,-1.0526802052874575,2.0,E checklist
TATASTEEL,2020-07-20,2020-08-07,0.14318681566173524,1.9225020378822468,2.0,E checklist
TATASTEEL,2021-10-27,2021-11-15,-0.07189142116280665,-1.0579167806151315,2.1514175257731942,E checklist
TATASTEEL,2022-04-07,2022-04-21,-0.06675715940668711,-1.0627840191788807,2.0,E checklist
TATASTEEL,2022-11-22,2022-12-01,0.05272912908515578,4.392817605411502,5.837288135593215,E checklist
TATASTEEL,2023-08-01,2023-08-22,-0.052925573654846764,-0.6645009272229057,2.0,E checklist
TATASTEEL,2023-12-21,2023-12-27,0.06436407614123031,5.336755150247187,3.089248067463105,E checklist
TATASTEEL,2024-03-02,2024-03-14,-0.09322394767268435,-1.0436634880619022,2.0,E checklist
TATASTEEL,2025-12-30,2026-01-14,0.08176643845713694,2.3257385481598427,2.651830767240259,E checklist
TATASTEEL,2026-02-26,2026-03-04,-0.08220010847183243,-1.0501231649508627,2.0,E checklist
TCS,2016-05-13,2016-06-02,0.028525251369602062,0.5012290134680851,2.0,E checklist
TCS,2017-08-21,2017-09-01,-0.026421073984344227,-1.1812877616040307,3.0878001921229457,E checklist
TCS,2017-09-28,2017-09-28,-0.0197786820746691,-1.2545788876808417,2.3346549178729776,E checklist
TCS,2017-11-23,2017-11-29,-0.014951291943739453,-1.3703659046888577,3.5010857201944274,E checklist
TCS,2018-08-24,2018-09-14,0.01023192141444302,0.26053274523976094,2.0,E checklist
TCS,2018-12-14,2018-12-20,-0.022402074241561667,-1.2185552928494976,8.347994003607994,E checklist
TCS,2019-04-16,2019-05-10,0.0028786258244478656,0.04846930748894506,2.0,E checklist
TCS,2021-03-22,2021-04-09,0.09512013380663156,3.537694028482663,3.5264851700443813,E checklist
TCS,2021-05-26,2021-06-15,0.04096384541103502,1.3166531372465462,2.6790605095541373,E checklist
TCS,2021-12-08,2021-12-28,0.024617534777828583,0.41378165409074125,2.064295554050181,E checklist
TCS,2022-02-21,2022-02-22,-0.04653850762463664,-1.2844569936803956,2.0700882224184336,E checklist
TCS,2022-03-30,2022-04-18,-0.04959951001006644,-1.086982473601124,2.475391271903707,E checklist
TCS,2023-10-03,2023-10-03,-0.016964863357303985,-1.318233534955393,2.751781666939299,E checklist
TCS,2023-12-01,2023-12-15,0.054643750759488054,1.9215559804164482,2.2362378861059238,E checklist
TCS,2024-02-01,2024-02-05,0.034995817906774175,2.155716120754703,2.6528095601322166,E checklist
TECHM,2018-03-15,2018-04-06,-0.041043665954442865,-0.6088482556514875,2.0,E checklist
TECHM,2018-12-31,2019-01-04,-0.05746150805781108,-1.0743008082501,2.072522784564665,E checklist
TECHM,2019-04-15,2019-05-09,0.044613137618563614,1.585812457308055,2.5129531551504645,E checklist
TECHM,2019-10-30,2019-11-20,0.007745819439380408,0.08980157793724536,2.0,E checklist
TECHM,2020-10-19,2020-10-29,-0.05026957413675339,-1.1477715583879478,2.11240795180021,E checklist
TECHM,2021-04-06,2021-04-23,-0.0535581103066417,-1.08062695602088,2.037136659436004,E checklist
TECHM,2023-06-07,2023-06-09,-0.031740203176705464,-1.1446768763494695,3.712981744421918,E checklist
TECHM,2024-03-15,2024-03-22,-0.04241009175704135,-1.1037784367495036,2.4844657741854035,E checklist
TECHM,2024-04-05,2024-04-15,-0.04086087083767269,-1.108774577075892,2.7032986386291133,E checklist
TECHM,2024-07-19,2024-08-05,-0.07242958581181445,-1.0579098707451045,2.0,E checklist
TECHM,2026-01-19,2026-02-06,-0.045920147695866824,-0.5682765151291201,2.0,E checklist
TITAN,2016-07-18,2016-07-18,-0.06727721971655333,-1.0621949989027761,2.0,E checklist
TITAN,2017-07-18,2017-08-04,0.07308339390011898,3.858823021649175,2.617443470235365,E checklist
TITAN,2017-09-06,2017-09-25,-0.07056226729747689,-1.0590673746451809,2.0,E checklist
TITAN,2018-03-13,2018-03-26,0.11759766461635998,2.345388648990288,3.1539550567582055,E checklist
TITAN,2019-02-01,2019-02-21,0.03466487925745207,0.5517149666450394,2.0,E checklist
TITAN,2019-04-01,2019-04-23,-0.013682621428227315,-0.2413163991422839,2.0,E checklist
TITAN,2019-06-21,2019-07-09,-0.10453375807164235,-1.7398143421532672,2.0,E checklist
TITAN,2019-11-04,2019-11-06,-0.11554768841689776,-3.309701421844499,2.4383947778354558,E checklist
TITAN,2019-12-23,2020-01-02,-0.05515176082305864,-1.0782880922666929,3.298244515088386,E checklist
TITAN,2020-01-16,2020-02-04,0.0719334897958396,1.4483948765225445,3.5134903640256985,E checklist
TITAN,2021-10-29,2021-11-22,-0.008199768904461885,-0.23353410558849186,5.1845509311641695,E checklist
TITAN,2022-04-29,2022-05-02,-0.05515211763911826,-1.0795507928896466,2.123254343216401,E checklist
TITAN,2022-08-08,2022-08-30,0.05403377764456127,0.644774736061102,2.0,E checklist
TITAN,2022-09-14,2022-09-29,-0.04851440389872362,-1.090041612941758,2.0,E checklist
TITAN,2023-04-25,2023-05-16,0.053142406325927954,1.618093636694715,2.0,E checklist
TITAN,2023-05-30,2023-06-19,0.0443697177608712,0.732925102271706,2.0,E checklist
TITAN,2023-07-05,2023-07-25,-0.019548487910942797,-0.38804619310300903,2.0,E checklist
TITAN,2023-12-08,2023-12-29,0.023398486607953156,0.40417514879020217,2.0,E checklist
TITAN,2024-01-17,2024-02-01,-0.05318464766452478,-1.0839786154700177,2.0,E checklist
TITAN,2025-06-02,2025-06-02,-0.011472275066848319,-1.5577285440724504,2.0312603046890443,E checklist
TITAN,2025-10-24,2025-11-14,0.009593991406233751,0.12654305656446116,2.0,E checklist
TITAN,2026-01-07,2026-01-29,-0.084275516975478,-1.048919246491535,2.0,E checklist
TRENT,2017-01-12,2017-01-12,-0.025973908317202303,-1.1821468109620392,5.840490797545927,E checklist
TRENT,2017-09-11,2017-09-19,0.06387813915287341,1.7788136534043926,2.512938093678338,E checklist
TRENT,2018-04-17,2018-04-19,-0.03813428054645395,-1.1167902938655039,2.227970652749404,E checklist
TRENT,2019-04-03,2019-04-04,-0.05252945458648453,-1.081778449224248,2.8238914533501265,E checklist
TRENT,2019-04-26,2019-05-20,0.025657390503005164,0.5657303315376006,2.7227121750085894,E checklist
TRENT,2019-06-18,2019-06-24,0.08201969313910085,2.9181860541977525,2.9427381980991396,E checklist
TRENT,2020-08-14,2020-09-03,0.13844118483999626,2.454333640176624,3.5615989199093536,E checklist
TRENT,2020-11-05,2020-11-25,0.10132867593103201,1.1755639103281665,2.0453925968999314,E checklist
TRENT,2020-12-01,2020-12-03,-0.06995870565827499,-1.0597144875939515,2.49592760180996,E checklist
TRENT,2021-01-11,2021-01-15,-0.08734477462275923,-1.047090224164724,2.2306491501938175,E checklist
TRENT,2021-05-14,2021-06-03,0.10512434176589527,1.931778993025624,4.186602153760521,E checklist
TRENT,2022-08-12,2022-09-05,0.03336439437415533,0.41843580598012103,2.0,E checklist
TRENT,2023-04-21,2023-04-28,-0.05604098276754495,-1.076032342647327,2.0,E checklist
TRENT,2024-12-09,2024-12-30,-0.009001356430820305,-0.15437571227035957,3.205509253585004,E checklist
ULTRACEMCO,2016-05-26,2016-06-15,0.04331869581312556,1.1886754425486528,2.123237097795701,E checklist
ULTRACEMCO,2016-07-26,2016-08-16,0.01318963742438381,0.18096979992273418,2.0,E checklist
ULTRACEMCO,2017-02-16,2017-02-16,-0.012776038610332727,-1.4637836501070656,3.8870006621054682,E checklist
ULTRACEMCO,2017-03-03,2017-03-24,0.03681673127159116,0.7028660015744185,2.0,E checklist
ULTRACEMCO,2017-05-19,2017-05-22,-0.03582209135172992,-1.131602837513696,2.4186841483847035,E checklist
ULTRACEMCO,2018-01-04,2018-01-15,0.04496086729945107,2.446432534970345,2.7042998897464328,E checklist
ULTRACEMCO,2018-08-23,2018-09-05,-0.05761749580858087,-1.0774302504075814,2.0,E checklist
ULTRACEMCO,2018-12-03,2018-12-06,-0.04247741635798172,-1.1055636906456394,4.364749410307578,E checklist
ULTRACEMCO,2020-01-27,2020-02-01,-0.056454699472998006,-1.077512286204508,2.0,E checklist
ULTRACEMCO,2020-12-01,2020-12-04,0.03062556333316944,1.8109119220228156,2.674004532211075,E checklist
ULTRACEMCO,2022-12-01,2022-12-21,-0.025559036016329525,-0.4610181325790504,2.0,E checklist
ULTRACEMCO,2023-12-28,2024-01-17,-0.06561509510902315,-0.7904175631502517,2.0,E checklist
ULTRACEMCO,2024-02-09,2024-02-14,-0.03214569969676458,-1.1997771692122374,2.804990424906645,E checklist
ULTRACEMCO,2024-04-01,2024-04-16,-0.04076366162511689,-1.1091746361232209,2.0915171087228854,E checklist
ULTRACEMCO,2025-08-19,2025-09-09,-0.02151289045958532,-0.3830543804532507,2.0,E checklist
WIPRO,2016-07-08,2016-07-20,-0.07860422499967723,-2.1003321619627644,2.2870808995998706,E checklist
WIPRO,2017-03-15,2017-04-05,0.005237945083340644,0.1065545562617332,2.0,E checklist
WIPRO,2017-06-06,2017-06-13,-0.07470723730233118,-1.0555224037000324,2.0,E checklist
WIPRO,2018-04-16,2018-04-26,-0.052802754165986385,-1.15658120227508,2.1860939092263045,E checklist
WIPRO,2019-02-26,2019-03-07,-0.06983926644783536,-1.059795137550855,2.0,E checklist
WIPRO,2019-04-09,2019-04-30,0.11414310321995388,2.6127035646241765,2.414699455233764,E checklist
WIPRO,2020-11-20,2020-12-11,0.023575209267984232,1.7251647679534872,11.72037255111876,E checklist
WIPRO,2021-08-18,2021-09-08,0.036899542703471094,0.5101065302763225,2.0,E checklist
WIPRO,2021-12-14,2022-01-03,0.10758652987928748,2.5520805754418077,3.5825375540114086,E checklist
WIPRO,2024-09-13,2024-10-04,-0.0049857985911175,-0.11212387207118409,2.5198533793178224,E checklist
WIPRO,2025-12-19,2026-01-09,-0.023382906541672976,-0.5686780941207822,2.0,E checklist
